<?xml version="1.0" standalone="yes"?>
<xs:schema id="NewDataSet" xmlns="" xmlns:xs="http://www.w3.org/2001/XMLSchema" xmlns:msdata="urn:schemas-microsoft-com:xml-msdata">
  <xs:element name="NewDataSet" msdata:IsDataSet="true" msdata:MainDataTable="BankBook" msdata:UseCurrentLocale="true">
    <xs:complexType>
      <xs:choice minOccurs="0" maxOccurs="unbounded">
        <xs:element name="BankBook">
          <xs:complexType>
            <xs:sequence>
              <xs:element name="VDate" type="xs:dateTime" minOccurs="0" />
              <xs:element name="VNo" type="xs:string" minOccurs="0" />
              <xs:element name="Type" type="xs:string" minOccurs="0" />
              <xs:element name="Particular" type="xs:string" minOccurs="0" />
              <xs:element name="AmtCr" type="xs:double" minOccurs="0" />
              <xs:element name="AmtDr" type="xs:double" minOccurs="0" />
              <xs:element name="ChqNo" type="xs:string" minOccurs="0" />
              <xs:element name="ChqDt" type="xs:string" minOccurs="0" />
              <xs:element name="Narration" type="xs:string" minOccurs="0" />
              <xs:element name="OP" type="xs:double" minOccurs="0" />
              <xs:element name="PageWise" type="xs:string" minOccurs="0" />
              <xs:element name="WithNarration" type="xs:string" minOccurs="0" />
            </xs:sequence>
          </xs:complexType>
        </xs:element>
      </xs:choice>
    </xs:complexType>
  </xs:element>
</xs:schema>