<?xml version="1.0" standalone="yes"?>
<xs:schema id="NewDataSet" xmlns="" xmlns:xs="http://www.w3.org/2001/XMLSchema" xmlns:msdata="urn:schemas-microsoft-com:xml-msdata">
  <xs:element name="NewDataSet" msdata:IsDataSet="true" msdata:MainDataTable="Table" msdata:UseCurrentLocale="true">
    <xs:complexType>
      <xs:choice minOccurs="0" maxOccurs="unbounded">
        <xs:element name="Table">
          <xs:complexType>
            <xs:sequence>
              <xs:element name="Amt1" type="xs:long" minOccurs="0" />
              <xs:element name="Amt2" type="xs:double" minOccurs="0" />
              <xs:element name="Amt3" type="xs:long" minOccurs="0" />
              <xs:element name="Amt4" type="xs:long" minOccurs="0" />
              <xs:element name="Amt5" type="xs:long" minOccurs="0" />
              <xs:element name="Amt6" type="xs:long" minOccurs="0" />
              <xs:element name="Amt7" type="xs:long" minOccurs="0" />
              <xs:element name="AmtPR" type="xs:long" minOccurs="0" />
              <xs:element name="PName" type="xs:string" minOccurs="0" />
              <xs:element name="Division" type="xs:string" minOccurs="0" />
              <xs:element name="AmtPR_Contra" type="xs:long" minOccurs="0" />
              <xs:element name="GroupName" type="xs:string" minOccurs="0" />
              <xs:element name="CreditLimit" type="xs:double" minOccurs="0" />
              <xs:element name="DueDays" type="xs:double" minOccurs="0" />
              <xs:element name="CityName" type="xs:string" minOccurs="0" />
            </xs:sequence>
          </xs:complexType>
        </xs:element>
      </xs:choice>
    </xs:complexType>
  </xs:element>
</xs:schema>