<?xml version="1.0" standalone="yes"?>
<NewDataSet>
  <Table>
    <DocNo>D1-PS-370</DocNo>
    <V_Date>2019-11-12T00:00:00+05:30</V_Date>
    <HSubcodeName>KANKU FAB</HSubcodeName>
    <Address>BLOCK SHOP NO.1/2.4TH FLOOR,
ABOVE SAFAL CANTEEN SUMEL BUSSIENESS  PARK-1 
SARANGPUR BEHIND, NEW CLOTH MARKET </Address>
    <CityName>AHMEDABAD</CityName>
    <StateCode>24</StateCode>
    <StateName>Gujarat</StateName>
    <Mobile>9328355444</Mobile>
    <Phone>9328255544</Phone>
    <PartyGSTNo>24AASFK2524K1Z4</PartyGSTNo>
    <UptoDate>2019-11-12T00:00:00+05:30</UptoDate>
    <LSubcodeName>YES BANK</LSubcodeName>
    <Amount>123184</Amount>
    <PrintedByUser>SUPER</PrintedByUser>
    <PrintTitle>Payment Settlement</PrintTitle>
  </Table>
</NewDataSet>