<?xml version="1.0" standalone="yes"?>
<NewDataSet>
  <Table>
    <PaymentNo>D1-PMT-501</PaymentNo>
    <V_Date>2018-11-01T00:00:00+05:30</V_Date>
    <PaidAmount>161891</PaidAmount>
    <ContraName>YES BANK, KANPUR</ContraName>
  </Table>
  <Table>
    <PaymentNo>D1-PMT-2126</PaymentNo>
    <V_Date>2019-03-01T00:00:00+05:30</V_Date>
    <Narration>Payment : YES BANK. </Narration>
    <PaidAmount>105720</PaidAmount>
    <ContraName>YES BANK, KANPUR</ContraName>
  </Table>
  <Table>
    <PaymentNo>D1-PMT-1</PaymentNo>
    <V_Date>2019-04-02T00:00:00+05:30</V_Date>
    <Narration>Payment : YES BANK. </Narration>
    <PaidAmount>45977</PaidAmount>
    <ContraName>YES BANK, KANPUR</ContraName>
  </Table>
  <Table>
    <PaymentNo>D1-PMT-269</PaymentNo>
    <V_Date>2018-04-02T00:00:00+05:30</V_Date>
    <Narration>Payment : YES BANK. </Narration>
    <PaidAmount>33035</PaidAmount>
    <ContraName>YES BANK, KANPUR</ContraName>
  </Table>
  <Table>
    <PaymentNo>D1-PMT-695</PaymentNo>
    <V_Date>2018-05-01T00:00:00+05:30</V_Date>
    <Narration>Payment : YES BANK. </Narration>
    <PaidAmount>248271</PaidAmount>
    <ContraName>YES BANK, KANPUR</ContraName>
  </Table>
  <Table>
    <PaymentNo>D1-PMT-403</PaymentNo>
    <V_Date>2018-06-01T00:00:00+05:30</V_Date>
    <Narration>Payment : YES BANK. </Narration>
    <PaidAmount>444327</PaidAmount>
    <ContraName>YES BANK, KANPUR</ContraName>
  </Table>
  <Table>
    <PaymentNo>D1-PMT-612</PaymentNo>
    <V_Date>2018-10-18T00:00:00+05:30</V_Date>
    <Narration>Payment : YES BANK. </Narration>
    <PaidAmount>150504</PaidAmount>
    <ContraName>YES BANK, KANPUR</ContraName>
  </Table>
  <Table>
    <PaymentNo>D1-PMT-1155</PaymentNo>
    <V_Date>2018-12-17T00:00:00+05:30</V_Date>
    <Narration>Payment : YES BANK. </Narration>
    <PaidAmount>71819</PaidAmount>
    <ContraName>YES BANK, KANPUR</ContraName>
  </Table>
  <Table>
    <PaymentNo>D1-PMT-614</PaymentNo>
    <V_Date>2019-06-17T00:00:00+05:30</V_Date>
    <Narration>Payment : YES BANK, KANPUR. </Narration>
    <PaidAmount>153972</PaidAmount>
    <ContraName>YES BANK, KANPUR</ContraName>
  </Table>
</NewDataSet>