<?xml version="1.0" standalone="yes"?>
<NewDataSet>
  <Table>
    <InvoiceNo>D1-OB-3</InvoiceNo>
    <V_Date>2018-03-31T00:00:00+05:30</V_Date>
    <InvoiceAmount>281306</InvoiceAmount>
    <SettlementAddition>0</SettlementAddition>
    <SettlementDeduction>0</SettlementDeduction>
    <LineDeduction>0</LineDeduction>
    <SettlementInvoiceAmount>281306</SettlementInvoiceAmount>
  </Table>
  <Table>
    <InvoiceNo>D2-PI-18-0877</InvoiceNo>
    <V_Date>2018-04-14T00:00:00+05:30</V_Date>
    <InvoiceAmount>37371</InvoiceAmount>
    <SettlementAddition>0</SettlementAddition>
    <SettlementDeduction>0</SettlementDeduction>
    <LineDeduction>0</LineDeduction>
    <SettlementInvoiceAmount>37371</SettlementInvoiceAmount>
  </Table>
  <Table>
    <InvoiceNo>D2-PI-18-0878</InvoiceNo>
    <V_Date>2018-04-14T00:00:00+05:30</V_Date>
    <InvoiceAmount>43847</InvoiceAmount>
    <SettlementAddition>0</SettlementAddition>
    <SettlementDeduction>0</SettlementDeduction>
    <LineDeduction>0</LineDeduction>
    <SettlementInvoiceAmount>43847</SettlementInvoiceAmount>
  </Table>
  <Table>
    <InvoiceNo>D2-PI-18-0879</InvoiceNo>
    <V_Date>2018-04-14T00:00:00+05:30</V_Date>
    <InvoiceAmount>35988</InvoiceAmount>
    <SettlementAddition>0</SettlementAddition>
    <SettlementDeduction>0</SettlementDeduction>
    <LineDeduction>0</LineDeduction>
    <SettlementInvoiceAmount>35988</SettlementInvoiceAmount>
  </Table>
  <Table>
    <InvoiceNo>D2-PI-18-0884</InvoiceNo>
    <V_Date>2018-04-19T00:00:00+05:30</V_Date>
    <InvoiceAmount>34913</InvoiceAmount>
    <SettlementAddition>0</SettlementAddition>
    <SettlementDeduction>0</SettlementDeduction>
    <LineDeduction>0</LineDeduction>
    <SettlementInvoiceAmount>34913</SettlementInvoiceAmount>
  </Table>
  <Table>
    <InvoiceNo>D2-PI-18-0886</InvoiceNo>
    <V_Date>2018-04-19T00:00:00+05:30</V_Date>
    <InvoiceAmount>40333</InvoiceAmount>
    <SettlementAddition>0</SettlementAddition>
    <SettlementDeduction>0</SettlementDeduction>
    <LineDeduction>0</LineDeduction>
    <SettlementInvoiceAmount>40333</SettlementInvoiceAmount>
  </Table>
  <Table>
    <InvoiceNo>D2-PI-18-0883</InvoiceNo>
    <V_Date>2018-04-20T00:00:00+05:30</V_Date>
    <InvoiceAmount>33306</InvoiceAmount>
    <SettlementAddition>0</SettlementAddition>
    <SettlementDeduction>0</SettlementDeduction>
    <LineDeduction>0</LineDeduction>
    <SettlementInvoiceAmount>33306</SettlementInvoiceAmount>
  </Table>
  <Table>
    <InvoiceNo>D2-PI-18-0885</InvoiceNo>
    <V_Date>2018-04-20T00:00:00+05:30</V_Date>
    <InvoiceAmount>32894</InvoiceAmount>
    <SettlementAddition>0</SettlementAddition>
    <SettlementDeduction>0</SettlementDeduction>
    <LineDeduction>0</LineDeduction>
    <SettlementInvoiceAmount>32894</SettlementInvoiceAmount>
  </Table>
  <Table>
    <InvoiceNo>D2-PI-18-0874</InvoiceNo>
    <V_Date>2018-04-23T00:00:00+05:30</V_Date>
    <InvoiceAmount>39987</InvoiceAmount>
    <SettlementAddition>0</SettlementAddition>
    <SettlementDeduction>0</SettlementDeduction>
    <LineDeduction>0</LineDeduction>
    <SettlementInvoiceAmount>39987</SettlementInvoiceAmount>
  </Table>
  <Table>
    <InvoiceNo>D2-PI-18-0875</InvoiceNo>
    <V_Date>2018-04-23T00:00:00+05:30</V_Date>
    <InvoiceAmount>39978</InvoiceAmount>
    <SettlementAddition>0</SettlementAddition>
    <SettlementDeduction>0</SettlementDeduction>
    <LineDeduction>0</LineDeduction>
    <SettlementInvoiceAmount>39978</SettlementInvoiceAmount>
  </Table>
  <Table>
    <InvoiceNo>D2-PI-18-0876</InvoiceNo>
    <V_Date>2018-04-23T00:00:00+05:30</V_Date>
    <InvoiceAmount>40968</InvoiceAmount>
    <SettlementAddition>0</SettlementAddition>
    <SettlementDeduction>0</SettlementDeduction>
    <LineDeduction>0</LineDeduction>
    <SettlementInvoiceAmount>40968</SettlementInvoiceAmount>
  </Table>
  <Table>
    <InvoiceNo>D2-PI-18-0627</InvoiceNo>
    <V_Date>2018-04-30T00:00:00+05:30</V_Date>
    <InvoiceAmount>28895</InvoiceAmount>
    <SettlementAddition>0</SettlementAddition>
    <SettlementDeduction>0</SettlementDeduction>
    <LineDeduction>0</LineDeduction>
    <SettlementInvoiceAmount>28895</SettlementInvoiceAmount>
  </Table>
  <Table>
    <InvoiceNo>D2-PI-18-0628</InvoiceNo>
    <V_Date>2018-04-30T00:00:00+05:30</V_Date>
    <InvoiceAmount>35847</InvoiceAmount>
    <SettlementAddition>0</SettlementAddition>
    <SettlementDeduction>0</SettlementDeduction>
    <LineDeduction>0</LineDeduction>
    <SettlementInvoiceAmount>35847</SettlementInvoiceAmount>
  </Table>
  <Table>
    <InvoiceNo>D2-PI-18-1530</InvoiceNo>
    <V_Date>2018-08-10T00:00:00+05:30</V_Date>
    <InvoiceAmount>36976</InvoiceAmount>
    <SettlementAddition>0</SettlementAddition>
    <SettlementDeduction>0</SettlementDeduction>
    <LineDeduction>0</LineDeduction>
    <SettlementInvoiceAmount>36976</SettlementInvoiceAmount>
  </Table>
  <Table>
    <InvoiceNo>D2-PI-18-1659</InvoiceNo>
    <V_Date>2018-08-10T00:00:00+05:30</V_Date>
    <InvoiceAmount>41375</InvoiceAmount>
    <SettlementAddition>0</SettlementAddition>
    <SettlementDeduction>0</SettlementDeduction>
    <LineDeduction>0</LineDeduction>
    <SettlementInvoiceAmount>41375</SettlementInvoiceAmount>
  </Table>
  <Table>
    <InvoiceNo>D2-PI-18-1656</InvoiceNo>
    <V_Date>2018-08-24T00:00:00+05:30</V_Date>
    <InvoiceAmount>42660</InvoiceAmount>
    <SettlementAddition>0</SettlementAddition>
    <SettlementDeduction>0</SettlementDeduction>
    <LineDeduction>0</LineDeduction>
    <SettlementInvoiceAmount>42660</SettlementInvoiceAmount>
  </Table>
  <Table>
    <InvoiceNo>D2-PI-18-1653</InvoiceNo>
    <V_Date>2018-08-25T00:00:00+05:30</V_Date>
    <InvoiceAmount>29493</InvoiceAmount>
    <SettlementAddition>0</SettlementAddition>
    <SettlementDeduction>0</SettlementDeduction>
    <LineDeduction>0</LineDeduction>
    <SettlementInvoiceAmount>29493</SettlementInvoiceAmount>
  </Table>
  <Table>
    <InvoiceNo>D2-PI-18-2077</InvoiceNo>
    <V_Date>2018-09-13T00:00:00+05:30</V_Date>
    <InvoiceAmount>43137</InvoiceAmount>
    <SettlementAddition>0</SettlementAddition>
    <SettlementDeduction>0</SettlementDeduction>
    <LineDeduction>0</LineDeduction>
    <SettlementInvoiceAmount>43137</SettlementInvoiceAmount>
  </Table>
  <Table>
    <InvoiceNo>D2-PI-18-2080</InvoiceNo>
    <V_Date>2018-09-13T00:00:00+05:30</V_Date>
    <InvoiceAmount>39402</InvoiceAmount>
    <SettlementAddition>0</SettlementAddition>
    <SettlementDeduction>0</SettlementDeduction>
    <LineDeduction>0</LineDeduction>
    <SettlementInvoiceAmount>39402</SettlementInvoiceAmount>
  </Table>
  <Table>
    <InvoiceNo>D2-PI-18-2081</InvoiceNo>
    <V_Date>2018-09-13T00:00:00+05:30</V_Date>
    <InvoiceAmount>41000</InvoiceAmount>
    <SettlementAddition>0</SettlementAddition>
    <SettlementDeduction>0</SettlementDeduction>
    <LineDeduction>0</LineDeduction>
    <SettlementInvoiceAmount>41000</SettlementInvoiceAmount>
  </Table>
  <Table>
    <InvoiceNo>D2-PI-18-2082</InvoiceNo>
    <V_Date>2018-09-13T00:00:00+05:30</V_Date>
    <InvoiceAmount>38352</InvoiceAmount>
    <SettlementAddition>0</SettlementAddition>
    <SettlementDeduction>0</SettlementDeduction>
    <LineDeduction>0</LineDeduction>
    <SettlementInvoiceAmount>38352</SettlementInvoiceAmount>
  </Table>
  <Table>
    <InvoiceNo>D2-PI-18-1312</InvoiceNo>
    <V_Date>2018-10-23T00:00:00+05:30</V_Date>
    <InvoiceAmount>35272</InvoiceAmount>
    <SettlementAddition>0</SettlementAddition>
    <SettlementDeduction>0</SettlementDeduction>
    <LineDeduction>0</LineDeduction>
    <SettlementInvoiceAmount>35272</SettlementInvoiceAmount>
  </Table>
  <Table>
    <InvoiceNo>D2-PI-18-1315</InvoiceNo>
    <V_Date>2018-10-23T00:00:00+05:30</V_Date>
    <InvoiceAmount>36547</InvoiceAmount>
    <SettlementAddition>0</SettlementAddition>
    <SettlementDeduction>0</SettlementDeduction>
    <LineDeduction>0</LineDeduction>
    <SettlementInvoiceAmount>36547</SettlementInvoiceAmount>
  </Table>
  <Table>
    <InvoiceNo>3841</InvoiceNo>
    <V_Date>2018-11-27T00:00:00+05:30</V_Date>
    <InvoiceAmount>39735</InvoiceAmount>
    <SettlementAddition>0</SettlementAddition>
    <SettlementDeduction>0</SettlementDeduction>
    <LineDeduction>0</LineDeduction>
    <SettlementInvoiceAmount>39735</SettlementInvoiceAmount>
  </Table>
  <Table>
    <InvoiceNo>D2-PI-18-1383</InvoiceNo>
    <V_Date>2018-11-29T00:00:00+05:30</V_Date>
    <InvoiceAmount>41284</InvoiceAmount>
    <SettlementAddition>0</SettlementAddition>
    <SettlementDeduction>0</SettlementDeduction>
    <LineDeduction>0</LineDeduction>
    <SettlementInvoiceAmount>41284</SettlementInvoiceAmount>
  </Table>
  <Table>
    <InvoiceNo>D2-PI-18-1395</InvoiceNo>
    <V_Date>2018-11-29T00:00:00+05:30</V_Date>
    <InvoiceAmount>42165</InvoiceAmount>
    <SettlementAddition>0</SettlementAddition>
    <SettlementDeduction>0</SettlementDeduction>
    <LineDeduction>0</LineDeduction>
    <SettlementInvoiceAmount>42165</SettlementInvoiceAmount>
  </Table>
  <Table>
    <InvoiceNo>D2-PI-18-1764</InvoiceNo>
    <V_Date>2018-12-25T00:00:00+05:30</V_Date>
    <InvoiceAmount>36232</InvoiceAmount>
    <SettlementAddition>0</SettlementAddition>
    <SettlementDeduction>0</SettlementDeduction>
    <LineDeduction>0</LineDeduction>
    <SettlementInvoiceAmount>36232</SettlementInvoiceAmount>
  </Table>
  <Table>
    <InvoiceNo>D2-PI-18-1765</InvoiceNo>
    <V_Date>2018-12-25T00:00:00+05:30</V_Date>
    <InvoiceAmount>29979</InvoiceAmount>
    <SettlementAddition>0</SettlementAddition>
    <SettlementDeduction>0</SettlementDeduction>
    <LineDeduction>0</LineDeduction>
    <SettlementInvoiceAmount>29979</SettlementInvoiceAmount>
  </Table>
  <Table>
    <InvoiceNo>D2-PI-18-2261</InvoiceNo>
    <V_Date>2018-12-31T00:00:00+05:30</V_Date>
    <InvoiceAmount>39509</InvoiceAmount>
    <SettlementAddition>0</SettlementAddition>
    <SettlementDeduction>0</SettlementDeduction>
    <LineDeduction>0</LineDeduction>
    <SettlementInvoiceAmount>39509</SettlementInvoiceAmount>
  </Table>
  <Table>
    <InvoiceNo>D2-PI-18-2679</InvoiceNo>
    <V_Date>2019-01-07T00:00:00+05:30</V_Date>
    <InvoiceAmount>45977</InvoiceAmount>
    <SettlementAddition>0</SettlementAddition>
    <SettlementDeduction>0</SettlementDeduction>
    <LineDeduction>0</LineDeduction>
    <SettlementInvoiceAmount>45977</SettlementInvoiceAmount>
  </Table>
  <Table>
    <InvoiceNo>D2-PI-0148</InvoiceNo>
    <V_Date>2019-04-08T00:00:00+05:30</V_Date>
    <InvoiceAmount>40520</InvoiceAmount>
    <SettlementAddition>0</SettlementAddition>
    <SettlementDeduction>0</SettlementDeduction>
    <LineDeduction>0</LineDeduction>
    <SettlementInvoiceAmount>40520</SettlementInvoiceAmount>
  </Table>
  <Table>
    <InvoiceNo>D2-PI-0149</InvoiceNo>
    <V_Date>2019-04-08T00:00:00+05:30</V_Date>
    <InvoiceAmount>39772</InvoiceAmount>
    <SettlementAddition>0</SettlementAddition>
    <SettlementDeduction>0</SettlementDeduction>
    <LineDeduction>0</LineDeduction>
    <SettlementInvoiceAmount>39772</SettlementInvoiceAmount>
  </Table>
  <Table>
    <InvoiceNo>D2-PI-0150</InvoiceNo>
    <V_Date>2019-04-08T00:00:00+05:30</V_Date>
    <InvoiceAmount>38206</InvoiceAmount>
    <SettlementAddition>0</SettlementAddition>
    <SettlementDeduction>0</SettlementDeduction>
    <LineDeduction>0</LineDeduction>
    <SettlementInvoiceAmount>38206</SettlementInvoiceAmount>
  </Table>
  <Table>
    <InvoiceNo>D2-PI-0624</InvoiceNo>
    <V_Date>2019-04-22T00:00:00+05:30</V_Date>
    <InvoiceAmount>35474</InvoiceAmount>
    <SettlementAddition>0</SettlementAddition>
    <SettlementDeduction>0</SettlementDeduction>
    <LineDeduction>0</LineDeduction>
    <SettlementInvoiceAmount>35474</SettlementInvoiceAmount>
  </Table>
</NewDataSet>