<?xml version="1.0" standalone="yes"?>
<NewDataSet>
  <Table>
    <Code>1</Code>
    <Site_Code>1</Site_Code>
    <DocumentHeaderRow1Left>SHYAMA SHYAM FABRICS PVT. LTD.</DocumentHeaderRow1Left>
    <DocumentHeaderRow2Left>F-4 SUPER HAMRAZ COMPLEX, PHASE II BANSMANDI</DocumentHeaderRow2Left>
    <DocumentHeaderRow3Left>KANPUR - 208001 (U.P.)</DocumentHeaderRow3Left>
    <DocumentHeaderRow1Right>CIN NO. U51909UP2016PTC085079</DocumentHeaderRow1Right>
    <DocumentHeaderRow2Right>GST NO. 09AAXCS4102R1ZH</DocumentHeaderRow2Right>
    <DocumentHeaderRow3Right>EMAIL : shyamashyam.ho@Gmail.Com, Contact No. 6387587931</DocumentHeaderRow3Right>
    <IsSalesTaxApplicable>true</IsSalesTaxApplicable>
    <WeekOffDays>0</WeekOffDays>
  </Table>
</NewDataSet>