<?xml version="1.0" standalone="yes"?>
<NewDataSet>
  <Table>
    <Copies>1</Copies>
    <CopyPrintingCaption />
    <DocID>D1   RCT 2019       3</DocID>
    <Sr>1</Sr>
    <V_Date>2019-09-27T00:00:00+05:30</V_Date>
    <Voucher_Type>Receipt</Voucher_Type>
    <NCat>RCT</NCat>
    <VoucherNo>D1-RCT-3</VoucherNo>
    <PartyName>CASH A/C</PartyName>
    <PartyAddress xml:space="preserve"> </PartyAddress>
    <CityName xml:space="preserve"> </CityName>
    <StateCode xml:space="preserve"> </StateCode>
    <StateName xml:space="preserve"> </StateName>
    <PartyMobile xml:space="preserve"> </PartyMobile>
    <ContactPerson xml:space="preserve"> </ContactPerson>
    <PartySalesTaxNo xml:space="preserve"> </PartySalesTaxNo>
    <PartyAadharNo xml:space="preserve"> </PartyAadharNo>
    <AccountNameLine>Revenue Point 1</AccountNameLine>
    <AccountLineAddress xml:space="preserve"> </AccountLineAddress>
    <AccountLineCity xml:space="preserve"> </AccountLineCity>
    <AccountLineMobile xml:space="preserve"> </AccountLineMobile>
    <LineSpecification xml:space="preserve"> </LineSpecification>
    <HSN xml:space="preserve"> </HSN>
    <SalesTaxGroupItem xml:space="preserve"> </SalesTaxGroupItem>
    <GrossTaxRate>0</GrossTaxRate>
    <Qty>0</Qty>
    <Rate>0</Rate>
    <Unit xml:space="preserve"> </Unit>
    <UnitDecimalPlaces>0</UnitDecimalPlaces>
    <Amount>200</Amount>
    <Taxable_Amount>0</Taxable_Amount>
    <Tax1_Per>0</Tax1_Per>
    <Tax1>0</Tax1>
    <Tax2_Per>0</Tax2_Per>
    <Tax2>0</Tax2>
    <Tax3_Per>0</Tax3_Per>
    <Tax3>0</Tax3>
    <Tax4_Per>0</Tax4_Per>
    <Tax4>0</Tax4>
    <Tax5_Per>0</Tax5_Per>
    <Tax5>0</Tax5>
    <Net_Amount>0</Net_Amount>
    <LRemarks xml:space="preserve"> </LRemarks>
    <HRemarks xml:space="preserve"> </HRemarks>
    <H_Gross_Amount>0</H_Gross_Amount>
    <H_Taxable_Amount>0</H_Taxable_Amount>
    <H_Tax1_Per>0</H_Tax1_Per>
    <H_Tax1>0</H_Tax1>
    <H_Tax2_Per>0</H_Tax2_Per>
    <H_Tax2>0</H_Tax2>
    <H_Tax3_Per>0</H_Tax3_Per>
    <H_Tax3>0</H_Tax3>
    <H_Tax4_Per>0</H_Tax4_Per>
    <H_Tax4>0</H_Tax4>
    <H_Tax5_Per>0</H_Tax5_Per>
    <H_Tax5>0</H_Tax5>
    <H_Deduction_Per>0</H_Deduction_Per>
    <H_Deduction>0</H_Deduction>
    <H_Other_Charge_Per>0</H_Other_Charge_Per>
    <H_Other_Charge>0</H_Other_Charge>
    <Round_Off>0</Round_Off>
    <H_Net_Amount>0</H_Net_Amount>
    <Default_BankAccountDetail />
    <Current_Balance>-15396</Current_Balance>
    <DocumentPrintShowPartyBalance />
    <IsCenterAlignedCompanyInfoOnDocuments>0</IsCenterAlignedCompanyInfoOnDocuments>
    <PrintedByUser>SUPER</PrintedByUser>
    <PrintTitle>Receipt</PrintTitle>
  </Table>
  <Table>
    <Copies>1</Copies>
    <CopyPrintingCaption />
    <DocID>D1   RCT 2019       3</DocID>
    <Sr>2</Sr>
    <V_Date>2019-09-27T00:00:00+05:30</V_Date>
    <Voucher_Type>Receipt</Voucher_Type>
    <NCat>RCT</NCat>
    <VoucherNo>D1-RCT-3</VoucherNo>
    <PartyName>CASH A/C</PartyName>
    <PartyAddress xml:space="preserve"> </PartyAddress>
    <CityName xml:space="preserve"> </CityName>
    <StateCode xml:space="preserve"> </StateCode>
    <StateName xml:space="preserve"> </StateName>
    <PartyMobile xml:space="preserve"> </PartyMobile>
    <ContactPerson xml:space="preserve"> </ContactPerson>
    <PartySalesTaxNo xml:space="preserve"> </PartySalesTaxNo>
    <PartyAadharNo xml:space="preserve"> </PartyAadharNo>
    <AccountNameLine>Revenue Point 1</AccountNameLine>
    <AccountLineAddress xml:space="preserve"> </AccountLineAddress>
    <AccountLineCity xml:space="preserve"> </AccountLineCity>
    <AccountLineMobile xml:space="preserve"> </AccountLineMobile>
    <LineSpecification xml:space="preserve"> </LineSpecification>
    <HSN xml:space="preserve"> </HSN>
    <SalesTaxGroupItem xml:space="preserve"> </SalesTaxGroupItem>
    <GrossTaxRate>0</GrossTaxRate>
    <Qty>0</Qty>
    <Rate>0</Rate>
    <Unit xml:space="preserve"> </Unit>
    <UnitDecimalPlaces>0</UnitDecimalPlaces>
    <Amount>4999</Amount>
    <Taxable_Amount>0</Taxable_Amount>
    <Tax1_Per>0</Tax1_Per>
    <Tax1>0</Tax1>
    <Tax2_Per>0</Tax2_Per>
    <Tax2>0</Tax2>
    <Tax3_Per>0</Tax3_Per>
    <Tax3>0</Tax3>
    <Tax4_Per>0</Tax4_Per>
    <Tax4>0</Tax4>
    <Tax5_Per>0</Tax5_Per>
    <Tax5>0</Tax5>
    <Net_Amount>0</Net_Amount>
    <LRemarks xml:space="preserve"> </LRemarks>
    <HRemarks xml:space="preserve"> </HRemarks>
    <H_Gross_Amount>0</H_Gross_Amount>
    <H_Taxable_Amount>0</H_Taxable_Amount>
    <H_Tax1_Per>0</H_Tax1_Per>
    <H_Tax1>0</H_Tax1>
    <H_Tax2_Per>0</H_Tax2_Per>
    <H_Tax2>0</H_Tax2>
    <H_Tax3_Per>0</H_Tax3_Per>
    <H_Tax3>0</H_Tax3>
    <H_Tax4_Per>0</H_Tax4_Per>
    <H_Tax4>0</H_Tax4>
    <H_Tax5_Per>0</H_Tax5_Per>
    <H_Tax5>0</H_Tax5>
    <H_Deduction_Per>0</H_Deduction_Per>
    <H_Deduction>0</H_Deduction>
    <H_Other_Charge_Per>0</H_Other_Charge_Per>
    <H_Other_Charge>0</H_Other_Charge>
    <Round_Off>0</Round_Off>
    <H_Net_Amount>0</H_Net_Amount>
    <Default_BankAccountDetail />
    <Current_Balance>-15396</Current_Balance>
    <DocumentPrintShowPartyBalance />
    <IsCenterAlignedCompanyInfoOnDocuments>0</IsCenterAlignedCompanyInfoOnDocuments>
    <PrintedByUser>SUPER</PrintedByUser>
    <PrintTitle>Receipt</PrintTitle>
  </Table>
</NewDataSet>