{
	"version":  "1.0.0501",
	"billLists": [
		{
			"userGstin":  "091234567890123", 
			"supplyType":  "O", 
			"subSupplyType":  1, 
			"docType":  "INV", 
			"docNo":  "180262", 
			"docDate":  "07/06/2018", 
			"fromGstin":  "091234567890123", 
			"fromTrdName":  "Shiva Saree Center {SHIVA}", 
			"fromAddr1":  "13/152 Parmat, Civil Lines", 
			"fromAddr2":  "", 
			"fromPlace":  "", 
			"fromPincode":  208001, 
			"fromStateCode":  09, 
			"actualFromStateCode":  09, 
			"toGstin":  "09CSMPK8653B2ZE", 
			"toTrdName":  "PRAKHER PRAGYA SAREE CENTER(06/06/2018)", 
			"toAddr1":  "SARENI RAIBARELI UP", 
			"toAddr2":  "", 
			"toPlace":  "", 
			"toPincode":  229010, 
			"toStateCode":  09, 
			"actualToStateCode":  09, 
			"totalValue":  19694.8, 
			"cgstValue": 492.37, 
			"sgstValue":  492.37, 
			"igstValue":  0, 
			"cessValue": 0, 
			"transMode":  1, 
			"transDistance":  0, 
			"transporterName":  "", 
			"transporterId":  "", 
			"transDocNo":  "", 
			"transDocDate":  "", 
			"vehicleNo":  "", 
			"vehicleType":  "R",
			"totInvValue":  20679, 
			"mainHsnCode":  , 
			"itemList": [
				{
					"itemNo":  1, 
					"productName":    "KHUBSURAT", 
					"productDesc":  "SAREE (B)", 
					"hsnCode":  5407, 
					"quantity":  12, 
					"qtyUnit":   "Pcs", 
					"taxableAmount":  2683.92, 
					"sgstRate":   2.5, 
					"cgstRate":  2.5, 
					"igstRate":   0, 
					"cessRate": 0
				},
				{
					"itemNo":  2, 
					"productName":    "SHANDAAR(Y", 
					"productDesc":  "SAREE (B)", 
					"hsnCode":  5407, 
					"quantity":  12, 
					"qtyUnit":   "Pcs", 
					"taxableAmount":  2951.04, 
					"sgstRate":   2.5, 
					"cgstRate":  2.5, 
					"igstRate":   0, 
					"cessRate": 0
				},
				{
					"itemNo":  3, 
					"productName":    "TRUTI FRUITY", 
					"productDesc":  "SAREE (B)", 
					"hsnCode":  5407, 
					"quantity":  20, 
					"qtyUnit":   "Pcs", 
					"taxableAmount":  5088, 
					"sgstRate":   2.5, 
					"cgstRate":  2.5, 
					"igstRate":   0, 
					"cessRate": 0
				},
				{
					"itemNo":  4, 
					"productName":    "CASH LESS", 
					"productDesc":  "SAREE (B)", 
					"hsnCode":  5407, 
					"quantity":  6, 
					"qtyUnit":   "Pcs", 
					"taxableAmount":  5393.28, 
					"sgstRate":   2.5, 
					"cgstRate":  2.5, 
					"igstRate":   0, 
					"cessRate": 0
				},
				{
					"itemNo":  5, 
					"productName":    "SUN CITY", 
					"productDesc":  "SAREE (B)", 
					"hsnCode":  5407, 
					"quantity":  6, 
					"qtyUnit":   "Pcs", 
					"taxableAmount":  3472.56, 
					"sgstRate":   2.5, 
					"cgstRate":  2.5, 
					"igstRate":   0, 
					"cessRate": 0
				},
				{
					"itemNo":  6, 
					"productName":    "P/C", 
					"productDesc":  "PACKING", 
					"hsnCode":  5407, 
					"quantity":  1, 
					"qtyUnit":   "Pcs", 
					"taxableAmount":  106, 
					"sgstRate":   2.5, 
					"cgstRate":  2.5, 
					"igstRate":   0, 
					"cessRate": 0
				}
			]
		}
	]
}
