﻿<?xml version="1.0" encoding="utf-8"?>
<GridSave>
  <Column>
    <Name>S.No.</Name>
    <Index>0</Index>
    <Width>50</Width>
    <Visible>True</Visible>
    <AggregateFunction />
  </Column>
  <Column>
    <Name>Search Code</Name>
    <Index>1</Index>
    <Width>140</Width>
    <Visible>False</Visible>
    <AggregateFunction />
  </Column>
  <Column>
    <Name>Item Type</Name>
    <Index>2</Index>
    <Width>150</Width>
    <Visible>False</Visible>
    <AggregateFunction />
  </Column>
  <Column>
    <Name>Item Name</Name>
    <Index>3</Index>
    <Width>300</Width>
    <Visible>True</Visible>
    <AggregateFunction />
  </Column>
  <Column>
    <Name>Item Category</Name>
    <Index>4</Index>
    <Width>100</Width>
    <Visible>True</Visible>
    <AggregateFunction />
  </Column>
  <Column>
    <Name>Item Group</Name>
    <Index>5</Index>
    <Width>100</Width>
    <Visible>True</Visible>
    <AggregateFunction />
  </Column>
  <Column>
    <Name>Item Code</Name>
    <Index>6</Index>
    <Width>102</Width>
    <Visible>True</Visible>
    <AggregateFunction />
  </Column>
  <Column>
    <Name>Specification</Name>
    <Index>7</Index>
    <Width>150</Width>
    <Visible>True</Visible>
    <AggregateFunction />
  </Column>
  <Column>
    <Name>Unit</Name>
    <Index>8</Index>
    <Width>80</Width>
    <Visible>True</Visible>
    <AggregateFunction />
  </Column>
  <Column>
    <Name>Sales Tax Group</Name>
    <Index>9</Index>
    <Width>70</Width>
    <Visible>True</Visible>
    <AggregateFunction />
  </Column>
  <Column>
    <Name>Purchase Rate</Name>
    <Index>10</Index>
    <Width>60</Width>
    <Visible>True</Visible>
    <AggregateFunction />
  </Column>
  <Column>
    <Name>Sale Rate</Name>
    <Index>11</Index>
    <Width>60</Width>
    <Visible>True</Visible>
    <AggregateFunction />
  </Column>
  <Column>
    <Name>HSN Code</Name>
    <Index>12</Index>
    <Width>80</Width>
    <Visible>True</Visible>
    <AggregateFunction />
  </Column>
  <Column>
    <Name>Division</Name>
    <Index>13</Index>
    <Width>70</Width>
    <Visible>True</Visible>
    <AggregateFunction />
  </Column>
</GridSave>