﻿<?xml version="1.0" encoding="utf-8"?>
<GridSave>
  <Column>
    <Name>Search Code</Name>
    <Index>0</Index>
    <Width>119</Width>
    <Visible>False</Visible>
    <AggregateFunction />
  </Column>
  <Column>
    <Name>Name</Name>
    <Index>1</Index>
    <Width>299</Width>
    <Visible>True</Visible>
    <AggregateFunction />
  </Column>
  <Column>
    <Name>Opening</Name>
    <Index>2</Index>
    <Width>91</Width>
    <Visible>True</Visible>
    <AggregateFunction />
  </Column>
  <Column>
    <Name>DR_CR_OP</Name>
    <Index>3</Index>
    <Width>46</Width>
    <Visible>True</Visible>
    <AggregateFunction />
  </Column>
  <Column>
    <Name>Debit</Name>
    <Index>4</Index>
    <Width>145</Width>
    <Visible>True</Visible>
    <AggregateFunction />
  </Column>
  <Column>
    <Name>Credit</Name>
    <Index>5</Index>
    <Width>161</Width>
    <Visible>True</Visible>
    <AggregateFunction />
  </Column>
  <Column>
    <Name>Closing</Name>
    <Index>6</Index>
    <Width>158</Width>
    <Visible>True</Visible>
    <AggregateFunction />
  </Column>
  <Column>
    <Name>DR_CR_CL</Name>
    <Index>7</Index>
    <Width>33</Width>
    <Visible>True</Visible>
    <AggregateFunction />
  </Column>
</GridSave>