﻿<?xml version="1.0" encoding="utf-8"?>
<GridSave>
  <Column>
    <Name>Search Code</Name>
    <Index>0</Index>
    <Width>110</Width>
    <Visible>False</Visible>
    <AggregateFunction />
  </Column>
  <Column>
    <Name>Site</Name>
    <Index>1</Index>
    <Width>47</Width>
    <Visible>True</Visible>
    <AggregateFunction />
  </Column>
  <Column>
    <Name>No</Name>
    <Index>2</Index>
    <Width>41</Width>
    <Visible>True</Visible>
    <AggregateFunction />
  </Column>
  <Column>
    <Name>Type</Name>
    <Index>3</Index>
    <Width>49</Width>
    <Visible>True</Visible>
    <AggregateFunction />
  </Column>
  <Column>
    <Name>Date</Name>
    <Index>4</Index>
    <Width>112</Width>
    <Visible>True</Visible>
    <AggregateFunction />
  </Column>
  <Column>
    <Name>Narration</Name>
    <Index>5</Index>
    <Width>309</Width>
    <Visible>True</Visible>
    <AggregateFunction />
  </Column>
  <Column>
    <Name>Debit</Name>
    <Index>6</Index>
    <Width>112</Width>
    <Visible>True</Visible>
    <AggregateFunction />
  </Column>
  <Column>
    <Name>Credit</Name>
    <Index>7</Index>
    <Width>112</Width>
    <Visible>True</Visible>
    <AggregateFunction />
  </Column>
  <Column>
    <Name>Closing</Name>
    <Index>8</Index>
    <Width>113</Width>
    <Visible>True</Visible>
    <AggregateFunction />
  </Column>
  <Column>
    <Name>DR_CR_CL</Name>
    <Index>9</Index>
    <Width>30</Width>
    <Visible>True</Visible>
    <AggregateFunction />
  </Column>
</GridSave>