﻿<?xml version="1.0" encoding="utf-8"?>
<GridSave>
  <Column>
    <Name>Search Code</Name>
    <Index>0</Index>
    <Width>100</Width>
    <Visible>False</Visible>
    <AggregateFunction />
  </Column>
  <Column>
    <Name>Table No</Name>
    <Index>1</Index>
    <Width>75</Width>
    <Visible>True</Visible>
    <AggregateFunction />
  </Column>
  <Column>
    <Name>Particulars</Name>
    <Index>2</Index>
    <Width>738</Width>
    <Visible>True</Visible>
    <AggregateFunction />
  </Column>
  <Column>
    <Name>Taxable Value</Name>
    <Index>3</Index>
    <Width>267</Width>
    <Visible>True</Visible>
    <AggregateFunction />
  </Column>
  <Column>
    <Name>Tax Amount</Name>
    <Index>4</Index>
    <Width>185</Width>
    <Visible>True</Visible>
    <AggregateFunction />
  </Column>
</GridSave>