﻿<?xml version="1.0" encoding="utf-8"?>
<GridSave>
  <Column>
    <Name>Search Code</Name>
    <Index>0</Index>
    <Width>110</Width>
    <Visible>False</Visible>
    <AggregateFunction />
  </Column>
  <Column>
    <Name>Exception</Name>
    <Index>1</Index>
    <Width>100</Width>
    <Visible>False</Visible>
    <AggregateFunction />
  </Column>
  <Column>
    <Name>Gst No Of Recipient</Name>
    <Index>2</Index>
    <Width>138</Width>
    <Visible>True</Visible>
    <AggregateFunction />
  </Column>
  <Column>
    <Name>Receiver Name</Name>
    <Index>3</Index>
    <Width>131</Width>
    <Visible>True</Visible>
    <AggregateFunction />
  </Column>
  <Column>
    <Name>Invoice Number</Name>
    <Index>4</Index>
    <Width>80</Width>
    <Visible>True</Visible>
    <AggregateFunction />
  </Column>
  <Column>
    <Name>Invoice Date</Name>
    <Index>5</Index>
    <Width>110</Width>
    <Visible>True</Visible>
    <AggregateFunction />
  </Column>
  <Column>
    <Name>Debit Credit Note No</Name>
    <Index>6</Index>
    <Width>92</Width>
    <Visible>True</Visible>
    <AggregateFunction />
  </Column>
  <Column>
    <Name>Debit Credit Note Date</Name>
    <Index>7</Index>
    <Width>113</Width>
    <Visible>True</Visible>
    <AggregateFunction />
  </Column>
  <Column>
    <Name>Document Type</Name>
    <Index>8</Index>
    <Width>79</Width>
    <Visible>True</Visible>
    <AggregateFunction />
  </Column>
  <Column>
    <Name>Place Of Supply</Name>
    <Index>9</Index>
    <Width>77</Width>
    <Visible>True</Visible>
    <AggregateFunction />
  </Column>
  <Column>
    <Name>Debit Credit Note Value</Name>
    <Index>10</Index>
    <Width>125</Width>
    <Visible>True</Visible>
    <AggregateFunction />
  </Column>
  <Column>
    <Name>Applicable Tax Rate</Name>
    <Index>11</Index>
    <Width>89</Width>
    <Visible>True</Visible>
    <AggregateFunction />
  </Column>
  <Column>
    <Name>Rate</Name>
    <Index>12</Index>
    <Width>53</Width>
    <Visible>True</Visible>
    <AggregateFunction />
  </Column>
  <Column>
    <Name>Taxable Value</Name>
    <Index>13</Index>
    <Width>102</Width>
    <Visible>True</Visible>
    <AggregateFunction />
  </Column>
  <Column>
    <Name>Cess Amount</Name>
    <Index>14</Index>
    <Width>86</Width>
    <Visible>True</Visible>
    <AggregateFunction />
  </Column>
  <Column>
    <Name>Pre Gst</Name>
    <Index>15</Index>
    <Width>59</Width>
    <Visible>True</Visible>
    <AggregateFunction />
  </Column>
</GridSave>