﻿<?xml version="1.0" encoding="utf-8"?>
<GridSave>
  <Column>
    <Name>Search Code</Name>
    <Index>0</Index>
    <Width>110</Width>
    <Visible>False</Visible>
    <AggregateFunction />
  </Column>
  <Column>
    <Name>Gst No Of Recipient</Name>
    <Index>1</Index>
    <Width>167</Width>
    <Visible>True</Visible>
    <AggregateFunction />
  </Column>
  <Column>
    <Name>Receiver Name</Name>
    <Index>2</Index>
    <Width>181</Width>
    <Visible>True</Visible>
    <AggregateFunction />
  </Column>
  <Column>
    <Name>Invoice Number</Name>
    <Index>3</Index>
    <Width>71</Width>
    <Visible>True</Visible>
    <AggregateFunction />
  </Column>
  <Column>
    <Name>Invoice Date</Name>
    <Index>4</Index>
    <Width>93</Width>
    <Visible>True</Visible>
    <AggregateFunction />
  </Column>
  <Column>
    <Name>Invoice Value</Name>
    <Index>5</Index>
    <Width>102</Width>
    <Visible>True</Visible>
    <AggregateFunction />
  </Column>
  <Column>
    <Name>Place Of Supply</Name>
    <Index>6</Index>
    <Width>129</Width>
    <Visible>True</Visible>
    <AggregateFunction />
  </Column>
  <Column>
    <Name>Reverse Charge</Name>
    <Index>7</Index>
    <Width>81</Width>
    <Visible>True</Visible>
    <AggregateFunction />
  </Column>
  <Column>
    <Name>Applicable Tax Rate</Name>
    <Index>8</Index>
    <Width>83</Width>
    <Visible>True</Visible>
    <AggregateFunction />
  </Column>
  <Column>
    <Name>Invoice Type</Name>
    <Index>9</Index>
    <Width>67</Width>
    <Visible>True</Visible>
    <AggregateFunction />
  </Column>
  <Column>
    <Name>Ecommerce Gstin</Name>
    <Index>10</Index>
    <Width>93</Width>
    <Visible>True</Visible>
    <AggregateFunction />
  </Column>
  <Column>
    <Name>Rate</Name>
    <Index>11</Index>
    <Width>58</Width>
    <Visible>True</Visible>
    <AggregateFunction />
  </Column>
  <Column>
    <Name>Taxable Value</Name>
    <Index>12</Index>
    <Width>114</Width>
    <Visible>True</Visible>
    <AggregateFunction />
  </Column>
  <Column>
    <Name>Cess Amount</Name>
    <Index>13</Index>
    <Width>89</Width>
    <Visible>True</Visible>
    <AggregateFunction />
  </Column>
</GridSave>