﻿<?xml version="1.0" encoding="utf-8"?>
<GridSave>
  <Column>
    <Name>Search Code</Name>
    <Index>0</Index>
    <Width>110</Width>
    <Visible>False</Visible>
    <AggregateFunction />
  </Column>
  <Column>
    <Name>Gst No Of Recipient</Name>
    <Index>1</Index>
    <Width>165</Width>
    <Visible>True</Visible>
    <AggregateFunction />
  </Column>
  <Column>
    <Name>Receiver Name</Name>
    <Index>2</Index>
    <Width>234</Width>
    <Visible>True</Visible>
    <AggregateFunction />
  </Column>
  <Column>
    <Name>Invoice Number</Name>
    <Index>3</Index>
    <Width>145</Width>
    <Visible>True</Visible>
    <AggregateFunction />
  </Column>
  <Column>
    <Name>Invoice Date</Name>
    <Index>4</Index>
    <Width>126</Width>
    <Visible>True</Visible>
    <AggregateFunction />
  </Column>
  <Column>
    <Name>Party Invoice No</Name>
    <Index>5</Index>
    <Width>72</Width>
    <Visible>True</Visible>
    <AggregateFunction />
  </Column>
  <Column>
    <Name>Party Invoice Date</Name>
    <Index>6</Index>
    <Width>99</Width>
    <Visible>True</Visible>
    <AggregateFunction />
  </Column>
  <Column>
    <Name>Invoice Value</Name>
    <Index>7</Index>
    <Width>105</Width>
    <Visible>True</Visible>
    <AggregateFunction />
  </Column>
  <Column>
    <Name>Place Of Supply</Name>
    <Index>8</Index>
    <Width>74</Width>
    <Visible>True</Visible>
    <AggregateFunction />
  </Column>
  <Column>
    <Name>Reverse Charge</Name>
    <Index>9</Index>
    <Width>74</Width>
    <Visible>True</Visible>
    <AggregateFunction />
  </Column>
  <Column>
    <Name>Applicable Tax Rate</Name>
    <Index>10</Index>
    <Width>125</Width>
    <Visible>False</Visible>
    <AggregateFunction />
  </Column>
  <Column>
    <Name>Invoice Type</Name>
    <Index>11</Index>
    <Width>65</Width>
    <Visible>True</Visible>
    <AggregateFunction />
  </Column>
  <Column>
    <Name>Ecommerce Gstin</Name>
    <Index>12</Index>
    <Width>137</Width>
    <Visible>False</Visible>
    <AggregateFunction />
  </Column>
  <Column>
    <Name>Rate</Name>
    <Index>13</Index>
    <Width>54</Width>
    <Visible>True</Visible>
    <AggregateFunction />
  </Column>
  <Column>
    <Name>Taxable Value</Name>
    <Index>14</Index>
    <Width>111</Width>
    <Visible>True</Visible>
    <AggregateFunction />
  </Column>
  <Column>
    <Name>Cess Amount</Name>
    <Index>15</Index>
    <Width>111</Width>
    <Visible>False</Visible>
    <AggregateFunction />
  </Column>
</GridSave>