﻿<?xml version="1.0" encoding="utf-8"?>
<GridSave>
  <Column>
    <Name>S.No.</Name>
    <Index>0</Index>
    <Width>40</Width>
    <Visible>True</Visible>
    <AggregateFunction />
  </Column>
  <Column>
    <Name>Item Type</Name>
    <Index>1</Index>
    <Width>100</Width>
    <Visible>False</Visible>
    <AggregateFunction />
  </Column>
  <Column>
    <Name>Sku</Name>
    <Index>2</Index>
    <Width>100</Width>
    <Visible>False</Visible>
    <AggregateFunction />
  </Column>
  <Column>
    <Name>Item Category</Name>
    <Index>3</Index>
    <Width>120</Width>
    <Visible>False</Visible>
    <AggregateFunction />
  </Column>
  <Column>
    <Name>Item Group</Name>
    <Index>4</Index>
    <Width>120</Width>
    <Visible>False</Visible>
    <AggregateFunction />
  </Column>
  <Column>
    <Name>Item</Name>
    <Index>5</Index>
    <Width>120</Width>
    <Visible>True</Visible>
    <AggregateFunction />
  </Column>
  <Column>
    <Name>Dimension1</Name>
    <Index>6</Index>
    <Width>120</Width>
    <Visible>False</Visible>
    <AggregateFunction />
  </Column>
  <Column>
    <Name>Dimension2</Name>
    <Index>7</Index>
    <Width>120</Width>
    <Visible>False</Visible>
    <AggregateFunction />
  </Column>
  <Column>
    <Name>Dimension3</Name>
    <Index>8</Index>
    <Width>120</Width>
    <Visible>False</Visible>
    <AggregateFunction />
  </Column>
  <Column>
    <Name>Dimension4</Name>
    <Index>9</Index>
    <Width>120</Width>
    <Visible>False</Visible>
    <AggregateFunction />
  </Column>
  <Column>
    <Name>Size</Name>
    <Index>10</Index>
    <Width>120</Width>
    <Visible>False</Visible>
    <AggregateFunction />
  </Column>
  <Column>
    <Name>From Process</Name>
    <Index>11</Index>
    <Width>100</Width>
    <Visible>False</Visible>
    <AggregateFunction />
  </Column>
  <Column>
    <Name>Stock</Name>
    <Index>12</Index>
    <Width>70</Width>
    <Visible>False</Visible>
    <AggregateFunction />
  </Column>
  <Column>
    <Name>Doc Qty</Name>
    <Index>13</Index>
    <Width>70</Width>
    <Visible>True</Visible>
    <AggregateFunction />
  </Column>
  <Column>
    <Name>Loss Qty</Name>
    <Index>14</Index>
    <Width>70</Width>
    <Visible>False</Visible>
    <AggregateFunction />
  </Column>
  <Column>
    <Name>Qty</Name>
    <Index>15</Index>
    <Width>70</Width>
    <Visible>False</Visible>
    <AggregateFunction />
  </Column>
  <Column>
    <Name>Unit</Name>
    <Index>16</Index>
    <Width>50</Width>
    <Visible>True</Visible>
    <AggregateFunction />
  </Column>
  <Column>
    <Name>Qty Decimal Places</Name>
    <Index>17</Index>
    <Width>50</Width>
    <Visible>False</Visible>
    <AggregateFunction />
  </Column>
  <Column>
    <Name>Pcs</Name>
    <Index>18</Index>
    <Width>80</Width>
    <Visible>False</Visible>
    <AggregateFunction />
  </Column>
  <Column>
    <Name>Unit Multiplier</Name>
    <Index>19</Index>
    <Width>70</Width>
    <Visible>False</Visible>
    <AggregateFunction />
  </Column>
  <Column>
    <Name>Deal Qty</Name>
    <Index>20</Index>
    <Width>70</Width>
    <Visible>False</Visible>
    <AggregateFunction />
  </Column>
  <Column>
    <Name>Deal Unit</Name>
    <Index>21</Index>
    <Width>60</Width>
    <Visible>False</Visible>
    <AggregateFunction />
  </Column>
  <Column>
    <Name>Deal Decimal Places</Name>
    <Index>22</Index>
    <Width>50</Width>
    <Visible>False</Visible>
    <AggregateFunction />
  </Column>
  <Column>
    <Name>Rate</Name>
    <Index>23</Index>
    <Width>80</Width>
    <Visible>False</Visible>
    <AggregateFunction />
  </Column>
  <Column>
    <Name>Amount</Name>
    <Index>24</Index>
    <Width>100</Width>
    <Visible>False</Visible>
    <AggregateFunction />
  </Column>
  <Column>
    <Name>Stock Sr</Name>
    <Index>25</Index>
    <Width>150</Width>
    <Visible>False</Visible>
    <AggregateFunction />
  </Column>
  <Column>
    <Name>Stock Issue No</Name>
    <Index>26</Index>
    <Width>60</Width>
    <Visible>True</Visible>
    <AggregateFunction />
  </Column>
  <Column>
    <Name>Stock Issue Date</Name>
    <Index>27</Index>
    <Width>120</Width>
    <Visible>True</Visible>
    <AggregateFunction />
  </Column>
  <Column>
    <Name>Remark</Name>
    <Index>28</Index>
    <Width>150</Width>
    <Visible>True</Visible>
    <AggregateFunction />
  </Column>
  <Column>
    <Name>Is Record Locked</Name>
    <Index>29</Index>
    <Width>150</Width>
    <Visible>False</Visible>
    <AggregateFunction />
  </Column>
</GridSave>