﻿<?xml version="1.0" encoding="utf-8"?>
<GridSave>
  <Column>
    <Name>Search Code</Name>
    <Index>0</Index>
    <Width>110</Width>
    <Visible>False</Visible>
    <AggregateFunction />
  </Column>
  <Column>
    <Name>Doc No</Name>
    <Index>1</Index>
    <Width>97</Width>
    <Visible>True</Visible>
    <AggregateFunction />
  </Column>
  <Column>
    <Name>Doc Date</Name>
    <Index>2</Index>
    <Width>108</Width>
    <Visible>True</Visible>
    <AggregateFunction />
  </Column>
  <Column>
    <Name>Lr No</Name>
    <Index>3</Index>
    <Width>92</Width>
    <Visible>True</Visible>
    <AggregateFunction />
  </Column>
  <Column>
    <Name>Brand</Name>
    <Index>4</Index>
    <Width>104</Width>
    <Visible>True</Visible>
    <AggregateFunction />
  </Column>
  <Column>
    <Name>Taxable Amt</Name>
    <Index>5</Index>
    <Width>132</Width>
    <Visible>True</Visible>
    <AggregateFunction />
  </Column>
  <Column>
    <Name>Tax Amt</Name>
    <Index>6</Index>
    <Width>110</Width>
    <Visible>True</Visible>
    <AggregateFunction />
  </Column>
  <Column>
    <Name>Bill Amt</Name>
    <Index>7</Index>
    <Width>105</Width>
    <Visible>True</Visible>
    <AggregateFunction />
  </Column>
  <Column>
    <Name>Debit Credit</Name>
    <Index>8</Index>
    <Width>113</Width>
    <Visible>True</Visible>
    <AggregateFunction />
  </Column>
  <Column>
    <Name>Goods Return</Name>
    <Index>9</Index>
    <Width>115</Width>
    <Visible>False</Visible>
    <AggregateFunction />
  </Column>
  <Column>
    <Name>Payment</Name>
    <Index>10</Index>
    <Width>115</Width>
    <Visible>True</Visible>
    <AggregateFunction />
  </Column>
  <Column>
    <Name>Balance</Name>
    <Index>11</Index>
    <Width>123</Width>
    <Visible>True</Visible>
    <AggregateFunction />
  </Column>
  <Column>
    <Name>Narration</Name>
    <Index>12</Index>
    <Width>283</Width>
    <Visible>True</Visible>
    <AggregateFunction />
  </Column>
</GridSave>