﻿<?xml version="1.0" encoding="utf-8"?>
<GridSave>
  <Column>
    <Name>Search Code</Name>
    <Index>0</Index>
    <Width>100</Width>
    <Visible>False</Visible>
    <AggregateFunction />
  </Column>
  <Column>
    <Name>Name</Name>
    <Index>1</Index>
    <Width>212</Width>
    <Visible>True</Visible>
    <AggregateFunction />
  </Column>
  <Column>
    <Name>Printing Name</Name>
    <Index>2</Index>
    <Width>224</Width>
    <Visible>True</Visible>
    <AggregateFunction />
  </Column>
  <Column>
    <Name>Address</Name>
    <Index>3</Index>
    <Width>487</Width>
    <Visible>True</Visible>
    <AggregateFunction />
  </Column>
  <Column>
    <Name>City Name</Name>
    <Index>4</Index>
    <Width>122</Width>
    <Visible>True</Visible>
    <AggregateFunction />
  </Column>
  <Column>
    <Name>PIN</Name>
    <Index>5</Index>
    <Width>61</Width>
    <Visible>True</Visible>
    <AggregateFunction />
  </Column>
  <Column>
    <Name>Area</Name>
    <Index>6</Index>
    <Width>67</Width>
    <Visible>False</Visible>
    <AggregateFunction />
  </Column>
  <Column>
    <Name>Phone</Name>
    <Index>7</Index>
    <Width>77</Width>
    <Visible>True</Visible>
    <AggregateFunction />
  </Column>
  <Column>
    <Name>Mobile</Name>
    <Index>8</Index>
    <Width>100</Width>
    <Visible>True</Visible>
    <AggregateFunction />
  </Column>
  <Column>
    <Name>Email</Name>
    <Index>9</Index>
    <Width>72</Width>
    <Visible>True</Visible>
    <AggregateFunction />
  </Column>
  <Column>
    <Name>Credit Limit</Name>
    <Index>10</Index>
    <Width>104</Width>
    <Visible>True</Visible>
    <AggregateFunction />
  </Column>
  <Column>
    <Name>Credit Days</Name>
    <Index>11</Index>
    <Width>104</Width>
    <Visible>False</Visible>
    <AggregateFunction />
  </Column>
  <Column>
    <Name>Sales Tax Group</Name>
    <Index>12</Index>
    <Width>132</Width>
    <Visible>True</Visible>
    <AggregateFunction />
  </Column>
  <Column>
    <Name>Gst No</Name>
    <Index>13</Index>
    <Width>58</Width>
    <Visible>True</Visible>
    <AggregateFunction />
  </Column>
  <Column>
    <Name>Aadhar No</Name>
    <Index>14</Index>
    <Width>97</Width>
    <Visible>True</Visible>
    <AggregateFunction />
  </Column>
  <Column>
    <Name>Pan No</Name>
    <Index>15</Index>
    <Width>118</Width>
    <Visible>True</Visible>
    <AggregateFunction />
  </Column>
  <Column>
    <Name>Agent Name</Name>
    <Index>16</Index>
    <Width>107</Width>
    <Visible>True</Visible>
    <AggregateFunction />
  </Column>
</GridSave>