﻿<?xml version="1.0" encoding="utf-8"?>
<GridSave>
  <Column>
    <Name>Search Code</Name>
    <Index>0</Index>
    <Width>110</Width>
    <Visible>False</Visible>
    <AggregateFunction />
  </Column>
  <Column>
    <Name>Invoice Date</Name>
    <Index>1</Index>
    <Width>110</Width>
    <Visible>True</Visible>
    <AggregateFunction />
  </Column>
  <Column>
    <Name>Invoice No</Name>
    <Index>2</Index>
    <Width>99</Width>
    <Visible>True</Visible>
    <AggregateFunction />
  </Column>
  <Column>
    <Name>Party Invoice Date</Name>
    <Index>3</Index>
    <Width>151</Width>
    <Visible>True</Visible>
    <AggregateFunction />
  </Column>
  <Column>
    <Name>Party</Name>
    <Index>4</Index>
    <Width>208</Width>
    <Visible>True</Visible>
    <AggregateFunction />
  </Column>
  <Column>
    <Name>Party Gst No</Name>
    <Index>5</Index>
    <Width>94</Width>
    <Visible>False</Visible>
    <AggregateFunction />
  </Column>
  <Column>
    <Name>Amount</Name>
    <Index>6</Index>
    <Width>152</Width>
    <Visible>True</Visible>
    <AggregateFunction />
  </Column>
  <Column>
    <Name>Discount</Name>
    <Index>7</Index>
    <Width>152</Width>
    <Visible>True</Visible>
    <AggregateFunction />
  </Column>
  <Column>
    <Name>Taxable Amount</Name>
    <Index>8</Index>
    <Width>152</Width>
    <Visible>True</Visible>
    <AggregateFunction />
  </Column>
  <Column>
    <Name>Tax Amount</Name>
    <Index>9</Index>
    <Width>152</Width>
    <Visible>True</Visible>
    <AggregateFunction />
  </Column>
  <Column>
    <Name>Net Amount</Name>
    <Index>10</Index>
    <Width>152</Width>
    <Visible>True</Visible>
    <AggregateFunction />
  </Column>
</GridSave>