﻿<?xml version="1.0" encoding="utf-8"?>
<GridSave>
  <Column>
    <Name>S.No.</Name>
    <Index>0</Index>
    <Width>35</Width>
    <Visible>False</Visible>
    <AggregateFunction />
  </Column>
  <Column>
    <Name>Head</Name>
    <Index>1</Index>
    <Width>250</Width>
    <Visible>True</Visible>
    <AggregateFunction />
  </Column>
  <Column>
    <Name />
    <Index>2</Index>
    <Width>12</Width>
    <Visible>True</Visible>
    <AggregateFunction />
  </Column>
  <Column>
    <Name>Value</Name>
    <Index>3</Index>
    <Width>630</Width>
    <Visible>True</Visible>
    <AggregateFunction />
  </Column>
  <Column>
    <Name>Detail</Name>
    <Index>4</Index>
    <Width>35</Width>
    <Visible>True</Visible>
    <AggregateFunction />
  </Column>
  <Column>
    <Name>Head Original</Name>
    <Index>5</Index>
    <Width>200</Width>
    <Visible>False</Visible>
    <AggregateFunction />
  </Column>
  <Column>
    <Name>Last Value</Name>
    <Index>6</Index>
    <Width>200</Width>
    <Visible>False</Visible>
    <AggregateFunction />
  </Column>
</GridSave>