﻿<?xml version="1.0" encoding="utf-8"?>
<GridSave>
  <Column>
    <Name>S.No.</Name>
    <Index>0</Index>
    <Width>40</Width>
    <Visible>True</Visible>
    <AggregateFunction />
  </Column>
  <Column>
    <Name>Effective Date</Name>
    <Index>1</Index>
    <Width>115</Width>
    <Visible>False</Visible>
    <AggregateFunction />
  </Column>
  <Column>
    <Name>Subcode</Name>
    <Index>2</Index>
    <Width>400</Width>
    <Visible>True</Visible>
    <AggregateFunction />
  </Column>
  <Column>
    <Name>LinkedSubcode</Name>
    <Index>3</Index>
    <Width>250</Width>
    <Visible>False</Visible>
    <AggregateFunction />
  </Column>
  <Column>
    <Name>Barcode</Name>
    <Index>4</Index>
    <Width>130</Width>
    <Visible>False</Visible>
    <AggregateFunction />
  </Column>
  <Column>
    <Name>Specification</Name>
    <Index>5</Index>
    <Width>130</Width>
    <Visible>False</Visible>
    <AggregateFunction />
  </Column>
  <Column>
    <Name>HSN</Name>
    <Index>6</Index>
    <Width>80</Width>
    <Visible>False</Visible>
    <AggregateFunction />
  </Column>
  <Column>
    <Name>Sales Tax Group Item</Name>
    <Index>7</Index>
    <Width>100</Width>
    <Visible>False</Visible>
    <AggregateFunction />
  </Column>
  <Column>
    <Name>Qty Decimal Places</Name>
    <Index>8</Index>
    <Width>50</Width>
    <Visible>False</Visible>
    <AggregateFunction />
  </Column>
  <Column>
    <Name>Qty</Name>
    <Index>9</Index>
    <Width>80</Width>
    <Visible>False</Visible>
    <AggregateFunction />
  </Column>
  <Column>
    <Name>Unit</Name>
    <Index>10</Index>
    <Width>50</Width>
    <Visible>False</Visible>
    <AggregateFunction />
  </Column>
  <Column>
    <Name>Rate</Name>
    <Index>11</Index>
    <Width>80</Width>
    <Visible>False</Visible>
    <AggregateFunction />
  </Column>
  <Column>
    <Name>Amount</Name>
    <Index>12</Index>
    <Width>100</Width>
    <Visible>True</Visible>
    <AggregateFunction />
  </Column>
  <Column>
    <Name>Chq/Ref No</Name>
    <Index>13</Index>
    <Width>100</Width>
    <Visible>True</Visible>
    <AggregateFunction />
  </Column>
  <Column>
    <Name>Chq/Ref Date</Name>
    <Index>14</Index>
    <Width>100</Width>
    <Visible>True</Visible>
    <AggregateFunction />
  </Column>
  <Column>
    <Name>Deduction</Name>
    <Index>15</Index>
    <Width>100</Width>
    <Visible>True</Visible>
    <AggregateFunction />
  </Column>
  <Column>
    <Name>Other Charges</Name>
    <Index>16</Index>
    <Width>100</Width>
    <Visible>False</Visible>
    <AggregateFunction />
  </Column>
  <Column>
    <Name>Remark</Name>
    <Index>17</Index>
    <Width>150</Width>
    <Visible>True</Visible>
    <AggregateFunction />
  </Column>
  <Column>
    <Name>Specification DocId</Name>
    <Index>18</Index>
    <Width>40</Width>
    <Visible>False</Visible>
    <AggregateFunction />
  </Column>
  <Column>
    <Name>Specification DocId Sr</Name>
    <Index>19</Index>
    <Width>40</Width>
    <Visible>False</Visible>
    <AggregateFunction />
  </Column>
  <Column>
    <Name>Current Balance</Name>
    <Index>20</Index>
    <Width>150</Width>
    <Visible>False</Visible>
    <AggregateFunction />
  </Column>
  <Column>
    <Name>Is Record Locked</Name>
    <Index>21</Index>
    <Width>150</Width>
    <Visible>False</Visible>
    <AggregateFunction />
  </Column>
  <Column>
    <Name>Amount In Words</Name>
    <Index>22</Index>
    <Width>150</Width>
    <Visible>False</Visible>
    <AggregateFunction />
  </Column>
  <Column>
    <Name>Nature</Name>
    <Index>23</Index>
    <Width>150</Width>
    <Visible>False</Visible>
    <AggregateFunction />
  </Column>
  <Column>
    <Name>A/c Type</Name>
    <Index>24</Index>
    <Width>150</Width>
    <Visible>False</Visible>
    <AggregateFunction />
  </Column>
  <Column>
    <Name>Temp Sno</Name>
    <Index>25</Index>
    <Width>40</Width>
    <Visible>False</Visible>
    <AggregateFunction />
  </Column>
  <Column>
    <Name>Temp Amount For Tds Calculation</Name>
    <Index>26</Index>
    <Width>100</Width>
    <Visible>False</Visible>
    <AggregateFunction />
  </Column>
  <Column>
    <Name>Tds Category</Name>
    <Index>27</Index>
    <Width>40</Width>
    <Visible>False</Visible>
    <AggregateFunction />
  </Column>
  <Column>
    <Name>Tds Group</Name>
    <Index>28</Index>
    <Width>40</Width>
    <Visible>False</Visible>
    <AggregateFunction />
  </Column>
  <Column>
    <Name>Tds Ledger Account</Name>
    <Index>29</Index>
    <Width>40</Width>
    <Visible>False</Visible>
    <AggregateFunction />
  </Column>
  <Column>
    <Name>Tds Month Limit</Name>
    <Index>30</Index>
    <Width>100</Width>
    <Visible>False</Visible>
    <AggregateFunction />
  </Column>
  <Column>
    <Name>Tds Year Limit</Name>
    <Index>31</Index>
    <Width>100</Width>
    <Visible>False</Visible>
    <AggregateFunction />
  </Column>
  <Column>
    <Name>Party Month Transaction</Name>
    <Index>32</Index>
    <Width>100</Width>
    <Visible>False</Visible>
    <AggregateFunction />
  </Column>
  <Column>
    <Name>Party Year Transaction</Name>
    <Index>33</Index>
    <Width>100</Width>
    <Visible>False</Visible>
    <AggregateFunction />
  </Column>
  <Column>
    <Name>Tds Taxable Amount</Name>
    <Index>34</Index>
    <Width>100</Width>
    <Visible>False</Visible>
    <AggregateFunction />
  </Column>
  <Column>
    <Name>Tds Per</Name>
    <Index>35</Index>
    <Width>100</Width>
    <Visible>False</Visible>
    <AggregateFunction />
  </Column>
  <Column>
    <Name>Tds Amount</Name>
    <Index>36</Index>
    <Width>100</Width>
    <Visible>False</Visible>
    <AggregateFunction />
  </Column>
</GridSave>