﻿<?xml version="1.0" encoding="utf-8"?>
<GridSave>
  <Column>
    <Name>Search Code</Name>
    <Index>0</Index>
    <Width>110</Width>
    <Visible>False</Visible>
    <AggregateFunction />
  </Column>
  <Column>
    <Name>Division</Name>
    <Index>1</Index>
    <Width>65</Width>
    <Visible>True</Visible>
    <AggregateFunction />
  </Column>
  <Column>
    <Name>Site</Name>
    <Index>2</Index>
    <Width>62</Width>
    <Visible>True</Visible>
    <AggregateFunction />
  </Column>
  <Column>
    <Name>Order Date</Name>
    <Index>3</Index>
    <Width>101</Width>
    <Visible>True</Visible>
    <AggregateFunction />
  </Column>
  <Column>
    <Name>Order No</Name>
    <Index>4</Index>
    <Width>91</Width>
    <Visible>True</Visible>
    <AggregateFunction />
  </Column>
  <Column>
    <Name>Party</Name>
    <Index>5</Index>
    <Width>519</Width>
    <Visible>True</Visible>
    <AggregateFunction />
  </Column>
  <Column>
    <Name>Item Description</Name>
    <Index>6</Index>
    <Width>134</Width>
    <Visible>True</Visible>
    <AggregateFunction />
  </Column>
  <Column>
    <Name>Order Qty</Name>
    <Index>7</Index>
    <Width>95</Width>
    <Visible>True</Visible>
    <AggregateFunction />
  </Column>
  <Column>
    <Name>Order Amount</Name>
    <Index>8</Index>
    <Width>119</Width>
    <Visible>True</Visible>
    <AggregateFunction />
  </Column>
  <Column>
    <Name>Balance Qty</Name>
    <Index>9</Index>
    <Width>107</Width>
    <Visible>True</Visible>
    <AggregateFunction />
  </Column>
  <Column>
    <Name>Balance Amount</Name>
    <Index>10</Index>
    <Width>152</Width>
    <Visible>True</Visible>
    <AggregateFunction />
  </Column>
</GridSave>