﻿<?xml version="1.0" encoding="utf-8"?>
<GridSave>
  <Column>
    <Name>Search Code</Name>
    <Index>0</Index>
    <Width>119</Width>
    <Visible>False</Visible>
    <AggregateFunction />
  </Column>
  <Column>
    <Name>Site</Name>
    <Index>1</Index>
    <Width>47</Width>
    <Visible>True</Visible>
    <AggregateFunction />
  </Column>
  <Column>
    <Name>Division</Name>
    <Index>2</Index>
    <Width>89</Width>
    <Visible>True</Visible>
    <AggregateFunction />
  </Column>
  <Column>
    <Name>Invoice Date</Name>
    <Index>5</Index>
    <Width>110</Width>
    <Visible>True</Visible>
    <AggregateFunction />
  </Column>
  <Column>
    <Name>Doc Type</Name>
    <Index>3</Index>
    <Width>54</Width>
    <Visible>True</Visible>
    <AggregateFunction />
  </Column>
  <Column>
    <Name>Invoice No</Name>
    <Index>4</Index>
    <Width>79</Width>
    <Visible>True</Visible>
    <AggregateFunction />
  </Column>
  <Column>
    <Name>Party</Name>
    <Index>7</Index>
    <Width>371</Width>
    <Visible>True</Visible>
    <AggregateFunction />
  </Column>
  <Column>
    <Name>Item</Name>
    <Index>8</Index>
    <Width>301</Width>
    <Visible>True</Visible>
    <AggregateFunction />
  </Column>
  <Column>
    <Name>Order No</Name>
    <Index>6</Index>
    <Width>157</Width>
    <Visible>False</Visible>
    <AggregateFunction />
  </Column>
  <Column>
    <Name>Qty</Name>
    <Index>9</Index>
    <Width>60</Width>
    <Visible>True</Visible>
    <AggregateFunction />
  </Column>
  <Column>
    <Name>Unit</Name>
    <Index>10</Index>
    <Width>63</Width>
    <Visible>False</Visible>
    <AggregateFunction />
  </Column>
  <Column>
    <Name>Rate</Name>
    <Index>11</Index>
    <Width>66</Width>
    <Visible>True</Visible>
    <AggregateFunction />
  </Column>
  <Column>
    <Name>Amount</Name>
    <Index>12</Index>
    <Width>122</Width>
    <Visible>True</Visible>
    <AggregateFunction />
  </Column>
  <Column>
    <Name>Discount Per</Name>
    <Index>13</Index>
    <Width>110</Width>
    <Visible>False</Visible>
    <AggregateFunction />
  </Column>
  <Column>
    <Name>Discount</Name>
    <Index>14</Index>
    <Width>93</Width>
    <Visible>False</Visible>
    <AggregateFunction />
  </Column>
  <Column>
    <Name>Taxable Amount</Name>
    <Index>15</Index>
    <Width>130</Width>
    <Visible>False</Visible>
    <AggregateFunction />
  </Column>
  <Column>
    <Name>Tax Amount</Name>
    <Index>16</Index>
    <Width>105</Width>
    <Visible>False</Visible>
    <AggregateFunction />
  </Column>
  <Column>
    <Name>Net Amount</Name>
    <Index>17</Index>
    <Width>104</Width>
    <Visible>False</Visible>
    <AggregateFunction />
  </Column>
</GridSave>