﻿<?xml version="1.0" encoding="utf-8"?>
<GridSave>
  <Column>
    <Name>SearchCode</Name>
    <Index>0</Index>
    <Width>149</Width>
    <Visible>False</Visible>
    <AggregateFunction />
  </Column>
  <Column>
    <Name>Invoice_Type</Name>
    <Index>1</Index>
    <Width>121</Width>
    <Visible>True</Visible>
    <AggregateFunction />
  </Column>
  <Column>
    <Name>Date</Name>
    <Index>2</Index>
    <Width>157</Width>
    <Visible>True</Visible>
    <AggregateFunction />
  </Column>
  <Column>
    <Name>Party</Name>
    <Index>3</Index>
    <Width>252</Width>
    <Visible>True</Visible>
    <AggregateFunction />
  </Column>
  <Column>
    <Name>Manual_No</Name>
    <Index>4</Index>
    <Width>105</Width>
    <Visible>True</Visible>
    <AggregateFunction />
  </Column>
  <Column>
    <Name>Sales_Tax_Group_Party</Name>
    <Index>5</Index>
    <Width>194</Width>
    <Visible>True</Visible>
    <AggregateFunction />
  </Column>
  <Column>
    <Name>Remarks</Name>
    <Index>6</Index>
    <Width>197</Width>
    <Visible>True</Visible>
    <AggregateFunction />
  </Column>
  <Column>
    <Name>Entry_By</Name>
    <Index>7</Index>
    <Width>92</Width>
    <Visible>True</Visible>
    <AggregateFunction />
  </Column>
  <Column>
    <Name>Entry_Date</Name>
    <Index>8</Index>
    <Width>152</Width>
    <Visible>True</Visible>
    <AggregateFunction />
  </Column>
</GridSave>