﻿<?xml version="1.0" encoding="utf-8"?>
<GridSave>
  <Column>
    <Name>Tick</Name>
    <Index>0</Index>
    <Width>44</Width>
    <Visible>True</Visible>
    <AggregateFunction />
  </Column>
  <Column>
    <Name>Search Code</Name>
    <Index>1</Index>
    <Width>110</Width>
    <Visible>False</Visible>
    <AggregateFunction />
  </Column>
  <Column>
    <Name>Party Name</Name>
    <Index>2</Index>
    <Width>248</Width>
    <Visible>True</Visible>
    <AggregateFunction />
  </Column>
  <Column>
    <Name>Invoice No</Name>
    <Index>3</Index>
    <Width>99</Width>
    <Visible>True</Visible>
    <AggregateFunction />
  </Column>
  <Column>
    <Name>Date</Name>
    <Index>4</Index>
    <Width>91</Width>
    <Visible>True</Visible>
    <AggregateFunction />
  </Column>
  <Column>
    <Name>Sales Tax Group Party</Name>
    <Index>5</Index>
    <Width>107</Width>
    <Visible>True</Visible>
    <AggregateFunction />
  </Column>
  <Column>
    <Name>Place Of Supply</Name>
    <Index>6</Index>
    <Width>114</Width>
    <Visible>True</Visible>
    <AggregateFunction />
  </Column>
  <Column>
    <Name>Invoice Amount</Name>
    <Index>7</Index>
    <Width>152</Width>
    <Visible>True</Visible>
    <AggregateFunction />
  </Column>
  <Column>
    <Name>Invoice Qty</Name>
    <Index>8</Index>
    <Width>104</Width>
    <Visible>True</Visible>
    <AggregateFunction />
  </Column>
  <Column>
    <Name>Scheme</Name>
    <Index>9</Index>
    <Width>88</Width>
    <Visible>True</Visible>
    <AggregateFunction />
  </Column>
  <Column>
    <Name>Scheme Code</Name>
    <Index>10</Index>
    <Width>115</Width>
    <Visible>False</Visible>
    <AggregateFunction />
  </Column>
  <Column>
    <Name>Sales Tax Group Item</Name>
    <Index>11</Index>
    <Width>102</Width>
    <Visible>True</Visible>
    <AggregateFunction />
  </Column>
  <Column>
    <Name>Scheme Amount</Name>
    <Index>12</Index>
    <Width>152</Width>
    <Visible>True</Visible>
    <AggregateFunction />
  </Column>
</GridSave>