﻿<?xml version="1.0" encoding="utf-8"?>
<GridSave>
  <Column>
    <Name>Search Code</Name>
    <Index>0</Index>
    <Width>100</Width>
    <Visible>False</Visible>
    <AggregateFunction />
  </Column>
  <Column>
    <Name>Item Name</Name>
    <Index>1</Index>
    <Width>329</Width>
    <Visible>True</Visible>
    <AggregateFunction />
  </Column>
  <Column>
    <Name>Item Specification</Name>
    <Index>2</Index>
    <Width>143</Width>
    <Visible>True</Visible>
    <AggregateFunction />
  </Column>
  <Column>
    <Name>Item Group Name</Name>
    <Index>3</Index>
    <Width>222</Width>
    <Visible>True</Visible>
    <AggregateFunction />
  </Column>
  <Column>
    <Name>Item Category Name</Name>
    <Index>4</Index>
    <Width>124</Width>
    <Visible>True</Visible>
    <AggregateFunction />
  </Column>
  <Column>
    <Name>Unit</Name>
    <Index>5</Index>
    <Width>63</Width>
    <Visible>True</Visible>
    <AggregateFunction />
  </Column>
  <Column>
    <Name>Opening</Name>
    <Index>6</Index>
    <Width>91</Width>
    <Visible>False</Visible>
    <AggregateFunction />
  </Column>
  <Column>
    <Name>Receive Qty</Name>
    <Index>7</Index>
    <Width>107</Width>
    <Visible>True</Visible>
    <AggregateFunction />
  </Column>
  <Column>
    <Name>Issue Qty</Name>
    <Index>8</Index>
    <Width>92</Width>
    <Visible>False</Visible>
    <AggregateFunction />
  </Column>
  <Column>
    <Name>Closing</Name>
    <Index>9</Index>
    <Width>84</Width>
    <Visible>True</Visible>
    <AggregateFunction />
  </Column>
  <Column>
    <Name>Amount</Name>
    <Index>10</Index>
    <Width>161</Width>
    <Visible>True</Visible>
    <AggregateFunction />
  </Column>
</GridSave>