﻿<?xml version="1.0"?>
<doc>
<assembly>
<name>
AgTemplate
</name>
</assembly>
<members>
<member name="T:AgTemplate.My.Resources.Resources">
<summary>
  A strongly-typed resource class, for looking up localized strings, etc.
</summary>
</member>
<member name="P:AgTemplate.My.Resources.Resources.ResourceManager">
<summary>
  Returns the cached ResourceManager instance used by this class.
</summary>
</member>
<member name="P:AgTemplate.My.Resources.Resources.Culture">
<summary>
  Overrides the current thread's CurrentUICulture property for all
  resource lookups using this strongly typed resource class.
</summary>
</member>
<member name="P:AgTemplate.My.Resources.Resources.approved">
<summary>
  Looks up a localized resource of type System.Drawing.Bitmap.
</summary>
</member>
<member name="P:AgTemplate.My.Resources.Resources.clock">
<summary>
  Looks up a localized resource of type System.Drawing.Bitmap.
</summary>
</member>
<member name="P:AgTemplate.My.Resources.Resources.copy_icon">
<summary>
  Looks up a localized resource of type System.Drawing.Bitmap.
</summary>
</member>
<member name="P:AgTemplate.My.Resources.Resources.Copy_of_stock_vector_vector_ok_and_cancel_button_set_54696784">
<summary>
  Looks up a localized resource of type System.Drawing.Bitmap.
</summary>
</member>
<member name="P:AgTemplate.My.Resources.Resources.Copy1">
<summary>
  Looks up a localized resource of type System.Drawing.Bitmap.
</summary>
</member>
<member name="P:AgTemplate.My.Resources.Resources.copy1_icon">
<summary>
  Looks up a localized resource of type System.Drawing.Bitmap.
</summary>
</member>
<member name="P:AgTemplate.My.Resources.Resources.Dataman">
<summary>
  Looks up a localized resource of type System.Drawing.Icon similar to (Icon).
</summary>
</member>
<member name="P:AgTemplate.My.Resources.Resources.disc">
<summary>
  Looks up a localized resource of type System.Drawing.Bitmap.
</summary>
</member>
<member name="P:AgTemplate.My.Resources.Resources.disc1">
<summary>
  Looks up a localized resource of type System.Drawing.Bitmap.
</summary>
</member>
<member name="P:AgTemplate.My.Resources.Resources.Filter1">
<summary>
  Looks up a localized resource of type System.Drawing.Bitmap.
</summary>
</member>
<member name="P:AgTemplate.My.Resources.Resources.images">
<summary>
  Looks up a localized resource of type System.Drawing.Bitmap.
</summary>
</member>
<member name="P:AgTemplate.My.Resources.Resources.Lock">
<summary>
  Looks up a localized resource of type System.Drawing.Bitmap.
</summary>
</member>
<member name="P:AgTemplate.My.Resources.Resources.Ok">
<summary>
  Looks up a localized resource of type System.Drawing.Bitmap.
</summary>
</member>
<member name="P:AgTemplate.My.Resources.Resources.stock_vector_vector_ok_and_cancel_button_set_54696784">
<summary>
  Looks up a localized resource of type System.Drawing.Bitmap.
</summary>
</member>
<member name="P:AgTemplate.My.Resources.Resources.Tree_Child">
<summary>
  Looks up a localized resource of type System.Drawing.Bitmap.
</summary>
</member>
<member name="P:AgTemplate.My.Resources.Resources.UnLock">
<summary>
  Looks up a localized resource of type System.Drawing.Bitmap.
</summary>
</member>
<member name="P:AgTemplate.My.Resources.Resources.Untitled_11111">
<summary>
  Looks up a localized resource of type System.Drawing.Bitmap.
</summary>
</member>
</members>
</doc>
