﻿<?xml version="1.0"?>
<doc>
<assembly>
<name>
Auditor9
</name>
</assembly>
<members>
<member name="T:Auditor9.My.Resources.Resources">
<summary>
  A strongly-typed resource class, for looking up localized strings, etc.
</summary>
</member>
<member name="P:Auditor9.My.Resources.Resources.ResourceManager">
<summary>
  Returns the cached ResourceManager instance used by this class.
</summary>
</member>
<member name="P:Auditor9.My.Resources.Resources.Culture">
<summary>
  Overrides the current thread's CurrentUICulture property for all
  resource lookups using this strongly typed resource class.
</summary>
</member>
<member name="P:Auditor9.My.Resources.Resources.Auditor9Logo">
<summary>
  Looks up a localized resource of type System.Drawing.Bitmap.
</summary>
</member>
<member name="P:Auditor9.My.Resources.Resources.Auditor9MDIBackgroud">
<summary>
  Looks up a localized resource of type System.Drawing.Bitmap.
</summary>
</member>
<member name="P:Auditor9.My.Resources.Resources.Bigfolder">
<summary>
  Looks up a localized resource of type System.Drawing.Bitmap.
</summary>
</member>
<member name="P:Auditor9.My.Resources.Resources.Equal2Logo">
<summary>
  Looks up a localized resource of type System.Drawing.Bitmap.
</summary>
</member>
<member name="P:Auditor9.My.Resources.Resources.Equal2MDIBackgroud">
<summary>
  Looks up a localized resource of type System.Drawing.Bitmap.
</summary>
</member>
<member name="P:Auditor9.My.Resources.Resources.Folder">
<summary>
  Looks up a localized resource of type System.Drawing.Bitmap.
</summary>
</member>
<member name="P:Auditor9.My.Resources.Resources.FolderRed">
<summary>
  Looks up a localized resource of type System.Drawing.Bitmap.
</summary>
</member>
<member name="P:Auditor9.My.Resources.Resources.FolderYellow">
<summary>
  Looks up a localized resource of type System.Drawing.Bitmap.
</summary>
</member>
<member name="P:Auditor9.My.Resources.Resources.medicin_01">
<summary>
  Looks up a localized resource of type System.Drawing.Bitmap.
</summary>
</member>
<member name="P:Auditor9.My.Resources.Resources.My7">
<summary>
  Looks up a localized resource of type System.Drawing.Bitmap.
</summary>
</member>
<member name="P:Auditor9.My.Resources.Resources.My8">
<summary>
  Looks up a localized resource of type System.Drawing.Bitmap.
</summary>
</member>
<member name="P:Auditor9.My.Resources.Resources.Picture1">
<summary>
  Looks up a localized resource of type System.Drawing.Bitmap.
</summary>
</member>
<member name="P:Auditor9.My.Resources.Resources.rolled_carpets">
<summary>
  Looks up a localized resource of type System.Drawing.Bitmap.
</summary>
</member>
<member name="P:Auditor9.My.Resources.Resources.TitleBar">
<summary>
  Looks up a localized resource of type System.Drawing.Bitmap.
</summary>
</member>
</members>
</doc>
