﻿<?xml version="1.0"?>
<doc>
<assembly>
<name>
Customised
</name>
</assembly>
<members>
<member name="T:Customised.My.Resources.Resources">
<summary>
  A strongly-typed resource class, for looking up localized strings, etc.
</summary>
</member>
<member name="P:Customised.My.Resources.Resources.ResourceManager">
<summary>
  Returns the cached ResourceManager instance used by this class.
</summary>
</member>
<member name="P:Customised.My.Resources.Resources.Culture">
<summary>
  Overrides the current thread's CurrentUICulture property for all
  resource lookups using this strongly typed resource class.
</summary>
</member>
<member name="P:Customised.My.Resources.Resources._41104_200">
<summary>
  Looks up a localized resource of type System.Drawing.Bitmap.
</summary>
</member>
<member name="P:Customised.My.Resources.Resources.approved">
<summary>
  Looks up a localized resource of type System.Drawing.Bitmap.
</summary>
</member>
<member name="P:Customised.My.Resources.Resources.BlankImage">
<summary>
  Looks up a localized resource of type System.Drawing.Bitmap.
</summary>
</member>
<member name="P:Customised.My.Resources.Resources.Cancel">
<summary>
  Looks up a localized resource of type System.Drawing.Bitmap.
</summary>
</member>
<member name="P:Customised.My.Resources.Resources.copy_icon">
<summary>
  Looks up a localized resource of type System.Drawing.Bitmap.
</summary>
</member>
<member name="P:Customised.My.Resources.Resources.Copy_of_stock_vector_vector_ok_and_cancel_button_set_54696784">
<summary>
  Looks up a localized resource of type System.Drawing.Bitmap.
</summary>
</member>
<member name="P:Customised.My.Resources.Resources.Copy1">
<summary>
  Looks up a localized resource of type System.Drawing.Bitmap.
</summary>
</member>
<member name="P:Customised.My.Resources.Resources.copy1_icon">
<summary>
  Looks up a localized resource of type System.Drawing.Bitmap.
</summary>
</member>
<member name="P:Customised.My.Resources.Resources.disc">
<summary>
  Looks up a localized resource of type System.Drawing.Bitmap.
</summary>
</member>
<member name="P:Customised.My.Resources.Resources.disc1">
<summary>
  Looks up a localized resource of type System.Drawing.Bitmap.
</summary>
</member>
<member name="P:Customised.My.Resources.Resources.ExcelIcon">
<summary>
  Looks up a localized resource of type System.Drawing.Bitmap.
</summary>
</member>
<member name="P:Customised.My.Resources.Resources.eye_PNG35677">
<summary>
  Looks up a localized resource of type System.Drawing.Bitmap.
</summary>
</member>
<member name="P:Customised.My.Resources.Resources.eye_PNG356771">
<summary>
  Looks up a localized resource of type System.Drawing.Bitmap.
</summary>
</member>
<member name="P:Customised.My.Resources.Resources.Icon1">
<summary>
  Looks up a localized resource of type System.Drawing.Icon similar to (Icon).
</summary>
</member>
<member name="P:Customised.My.Resources.Resources.images">
<summary>
  Looks up a localized resource of type System.Drawing.Bitmap.
</summary>
</member>
<member name="P:Customised.My.Resources.Resources.Ok">
<summary>
  Looks up a localized resource of type System.Drawing.Bitmap.
</summary>
</member>
<member name="P:Customised.My.Resources.Resources.PdfIcon">
<summary>
  Looks up a localized resource of type System.Drawing.Bitmap.
</summary>
</member>
<member name="P:Customised.My.Resources.Resources.stock_vector_vector_ok_and_cancel_button_set_54696784">
<summary>
  Looks up a localized resource of type System.Drawing.Bitmap.
</summary>
</member>
<member name="P:Customised.My.Resources.Resources.Tree_Child">
<summary>
  Looks up a localized resource of type System.Drawing.Bitmap.
</summary>
</member>
<member name="P:Customised.My.Resources.Resources.Untitled_11111">
<summary>
  Looks up a localized resource of type System.Drawing.Bitmap.
</summary>
</member>
<member name="P:Customised.My.Resources.Resources.wordicon">
<summary>
  Looks up a localized resource of type System.Drawing.Bitmap.
</summary>
</member>
<member name="M:Customised.GSTINValidator.IsValid(System.String)">
 <summary>
 Method to check if a GSTIN Is valid. Checks the GSTIN format And thecheck digit Is valid for the passed input GSTIN
 </summary>
 <param name="GSTIN">GSTIN to Validate</param>
</member>
<member name="M:Customised.GSTINValidator.GenerateCheckSum(System.String)">
 <summary>Generates and returns checksum digit for given GSTIN (without checksum digit)</summary>
 <param name="GSTIN">GSTIN without checksum digit to generate checksum digit</param>
</member>
<member name="T:Customised.ExcelHandler">
 <summary>
 Excel File handler used to read and write excel file.
 </summary>
 <remarks></remarks>
 
</member>
<member name="M:Customised.ExcelHandler.GetDataFromExcel(System.String)">
 <summary>
 Return data in dataset from excel file.
 </summary>
 <param name="a_sFilepath">Excel file name for extract data.</param>
 <returns>DataSet</returns>
</member>
<member name="M:Customised.ExcelHandler.ExportToExcel(System.String,System.Data.DataSet,System.String,System.String@)">
 <summary>
 Write Excel file as given file name with given data.
 </summary>
 <param name="a_sFilename">full file name for create excel file.</param>
 <param name="a_sData">data in dataset to be fill in excel shhet.</param>
 <param name="a_sFileTitle">Title of Excel file.</param>
 <param name="a_sErrorMessage">output parameter contains error message if error occurrs.</param>
 <returns>bool</returns>
</member>
<member name="M:Customised.ExcelHandler.GetData(System.Data.DataTable)">
 <summary>
 returns data as two dimentional object array.
 </summary>
 <param name="a_dtData">DataTable of data.</param>
 <returns>Object Array</returns>
</member>
<member name="M:Customised.frmFind.frmFind_Load(System.Object,System.EventArgs)">
 <summary>
 ''''''''''''''''''''''''''''''''''''''''''''''''''''''''''''''''''''''''''''''''''''''''''''''''''''''
 Forms Events
 </summary>
 <param name="sender"></param>
 <param name="e"></param>
 <remarks></remarks>
</member>
<member name="M:Customised.FrmSaleInvoiceDirect_WithDimension.Ini_Grid_Purchase">
 ''''''''''''''''''''''''''Start Logic for Aadhat''''''''''''''''''''''
</member>
</members>
</doc>
