{
	"version":  "1.0.0501",
	"billLists": [
		{
			"userGstin":  "091234567890123", 
			"supplyType":  "O", 
			"subSupplyType":  1, 
			"docType":  "INV", 
			"docNo":  "180002", 
			"docDate":  "02/04/2018", 
			"fromGstin":  "091234567890123", 
			"fromTrdName":  "Shiva Saree Center {Main}", 
			"fromAddr1":  "13/152 Parmat, Civil Lines", 
			"fromAddr2":  "", 
			"fromPlace":  "", 
			"fromPincode":  208001, 
			"fromStateCode":  09, 
			"actualFromStateCode":  09, 
			"toGstin":  "", 
			"toTrdName":  "MAA SANDHYA VASTRALYA", 
			"toAddr1":  "AD.NO.5298/5534/2273 HALLOR DUMARIYAGANJ", 
			"toAddr2":  "", 
			"toPlace":  "", 
			"toPincode":  , 
			"toStateCode":  09, 
			"actualToStateCode":  09, 
			"totalValue":  46936, 
			"cgstValue": 1173.4, 
			"sgstValue":  1173.4, 
			"igstValue":  0, 
			"cessValue": 0, 
			"transMode":  1, 
			"transDistance":  0, 
			"transporterName":  "", 
			"transporterId":  "", 
			"transDocNo":  "", 
			"transDocDate":  "", 
			"vehicleNo":  "", 
			"vehicleType":  "R",
			"totInvValue":  49283, 
			"mainHsnCode":  , 
			"itemList": [
				{
					"itemNo":  1, 
					"productName":    "MADHURI", 
					"productDesc":  "SAREE (B)", 
					"hsnCode":  5407, 
					"quantity":  4, 
					"qtyUnit":   "Pcs", 
					"taxableAmount":  2256, 
					"sgstRate":   2.5, 
					"cgstRate":  2.5, 
					"igstRate":   0, 
					"cessRate": 0
				},
				{
					"itemNo":  2, 
					"productName":    "ANMOL RISHTA", 
					"productDesc":  "SAREE (B)", 
					"hsnCode":  5407, 
					"quantity":  4, 
					"qtyUnit":   "Pcs", 
					"taxableAmount":  2016, 
					"sgstRate":   2.5, 
					"cgstRate":  2.5, 
					"igstRate":   0, 
					"cessRate": 0
				},
				{
					"itemNo":  3, 
					"productName":    "LAXMI PEDDING", 
					"productDesc":  "SAREE (B)", 
					"hsnCode":  5407, 
					"quantity":  4, 
					"qtyUnit":   "Pcs", 
					"taxableAmount":  2172, 
					"sgstRate":   2.5, 
					"cgstRate":  2.5, 
					"igstRate":   0, 
					"cessRate": 0
				},
				{
					"itemNo":  4, 
					"productName":    "MANGO (OM)", 
					"productDesc":  "SAREE (B)", 
					"hsnCode":  5407, 
					"quantity":  4, 
					"qtyUnit":   "Pcs", 
					"taxableAmount":  2360, 
					"sgstRate":   2.5, 
					"cgstRate":  2.5, 
					"igstRate":   0, 
					"cessRate": 0
				},
				{
					"itemNo":  5, 
					"productName":    "SWEET HEART", 
					"productDesc":  "SAREE (B)", 
					"hsnCode":  5407, 
					"quantity":  4, 
					"qtyUnit":   "Pcs", 
					"taxableAmount":  1452, 
					"sgstRate":   2.5, 
					"cgstRate":  2.5, 
					"igstRate":   0, 
					"cessRate": 0
				},
				{
					"itemNo":  6, 
					"productName":    "ALIBABA", 
					"productDesc":  "SAREE (B)", 
					"hsnCode":  5407, 
					"quantity":  12, 
					"qtyUnit":   "Pcs", 
					"taxableAmount":  5832, 
					"sgstRate":   2.5, 
					"cgstRate":  2.5, 
					"igstRate":   0, 
					"cessRate": 0
				},
				{
					"itemNo":  7, 
					"productName":    "SUKRIYA", 
					"productDesc":  "SAREE (B)", 
					"hsnCode":  5407, 
					"quantity":  4, 
					"qtyUnit":   "Pcs", 
					"taxableAmount":  2052, 
					"sgstRate":   2.5, 
					"cgstRate":  2.5, 
					"igstRate":   0, 
					"cessRate": 0
				},
				{
					"itemNo":  8, 
					"productName":    "CRAZY BITE", 
					"productDesc":  "SAREE (B)", 
					"hsnCode":  5407, 
					"quantity":  4, 
					"qtyUnit":   "Pcs", 
					"taxableAmount":  2008, 
					"sgstRate":   2.5, 
					"cgstRate":  2.5, 
					"igstRate":   0, 
					"cessRate": 0
				},
				{
					"itemNo":  9, 
					"productName":    "SARKAR RAJ", 
					"productDesc":  "SAREE (B)", 
					"hsnCode":  5407, 
					"quantity":  4, 
					"qtyUnit":   "Pcs", 
					"taxableAmount":  2408, 
					"sgstRate":   2.5, 
					"cgstRate":  2.5, 
					"igstRate":   0, 
					"cessRate": 0
				},
				{
					"itemNo":  10, 
					"productName":    "PALLAVI MEDAM", 
					"productDesc":  "SAREE (B)", 
					"hsnCode":  5407, 
					"quantity":  4, 
					"qtyUnit":   "Pcs", 
					"taxableAmount":  1524, 
					"sgstRate":   2.5, 
					"cgstRate":  2.5, 
					"igstRate":   0, 
					"cessRate": 0
				},
				{
					"itemNo":  11, 
					"productName":    "HELLO INDIA", 
					"productDesc":  "SAREE (B)", 
					"hsnCode":  5407, 
					"quantity":  4, 
					"qtyUnit":   "Pcs", 
					"taxableAmount":  2472, 
					"sgstRate":   2.5, 
					"cgstRate":  2.5, 
					"igstRate":   0, 
					"cessRate": 0
				},
				{
					"itemNo":  12, 
					"productName":    "PADMAVAT", 
					"productDesc":  "SAREE (B)", 
					"hsnCode":  5407, 
					"quantity":  16, 
					"qtyUnit":   "Pcs", 
					"taxableAmount":  4400, 
					"sgstRate":   2.5, 
					"cgstRate":  2.5, 
					"igstRate":   0, 
					"cessRate": 0
				},
				{
					"itemNo":  13, 
					"productName":    "CREDIT CARD", 
					"productDesc":  "SAREE (B)", 
					"hsnCode":  5407, 
					"quantity":  4, 
					"qtyUnit":   "Pcs", 
					"taxableAmount":  2688, 
					"sgstRate":   2.5, 
					"cgstRate":  2.5, 
					"igstRate":   0, 
					"cessRate": 0
				},
				{
					"itemNo":  14, 
					"productName":    "LUCKY MODEL", 
					"productDesc":  "SAREE (B)", 
					"hsnCode":  5407, 
					"quantity":  4, 
					"qtyUnit":   "Pcs", 
					"taxableAmount":  2208, 
					"sgstRate":   2.5, 
					"cgstRate":  2.5, 
					"igstRate":   0, 
					"cessRate": 0
				},
				{
					"itemNo":  15, 
					"productName":    "MONALISA", 
					"productDesc":  "SAREE (B)", 
					"hsnCode":  5407, 
					"quantity":  8, 
					"qtyUnit":   "Pcs", 
					"taxableAmount":  3168, 
					"sgstRate":   2.5, 
					"cgstRate":  2.5, 
					"igstRate":   0, 
					"cessRate": 0
				},
				{
					"itemNo":  16, 
					"productName":    "RANI", 
					"productDesc":  "SAREE (B)", 
					"hsnCode":  5407, 
					"quantity":  8, 
					"qtyUnit":   "Pcs", 
					"taxableAmount":  2632, 
					"sgstRate":   2.5, 
					"cgstRate":  2.5, 
					"igstRate":   0, 
					"cessRate": 0
				},
				{
					"itemNo":  17, 
					"productName":    "KAJAL(D", 
					"productDesc":  "SAREE (B)", 
					"hsnCode":  5407, 
					"quantity":  8, 
					"qtyUnit":   "Pcs", 
					"taxableAmount":  2448, 
					"sgstRate":   2.5, 
					"cgstRate":  2.5, 
					"igstRate":   0, 
					"cessRate": 0
				},
				{
					"itemNo":  18, 
					"productName":    "SHIVANI", 
					"productDesc":  "SAREE (B)", 
					"hsnCode":  5407, 
					"quantity":  4, 
					"qtyUnit":   "Pcs", 
					"taxableAmount":  1344, 
					"sgstRate":   2.5, 
					"cgstRate":  2.5, 
					"igstRate":   0, 
					"cessRate": 0
				},
				{
					"itemNo":  19, 
					"productName":    "NISHANT", 
					"productDesc":  "SAREE (B)", 
					"hsnCode":  5407, 
					"quantity":  4, 
					"qtyUnit":   "Pcs", 
					"taxableAmount":  1296, 
					"sgstRate":   2.5, 
					"cgstRate":  2.5, 
					"igstRate":   0, 
					"cessRate": 0
				},
				{
					"itemNo":  20, 
					"productName":    "P/C", 
					"productDesc":  "PACKING", 
					"hsnCode":  5407, 
					"quantity":  2, 
					"qtyUnit":   "Pcs", 
					"taxableAmount":  200, 
					"sgstRate":   2.5, 
					"cgstRate":  2.5, 
					"igstRate":   0, 
					"cessRate": 0
				}
			]
		}
	]
}
