{
	"version":  "1.0.0501",
	"billLists": [
		{
			"userGstin":  "09DUEPS8740G1Z4", 
			"supplyType":  "O", 
			"subSupplyType":  1, 
			"docType":  "INV", 
			"docNo":  "180128", 
			"docDate":  "06/06/2018", 
			"fromGstin":  "09DUEPS8740G1Z4", 
			"fromTrdName":  "Parvati Saree {PS}", 
			"fromAddr1":  "X", 
			"fromAddr2":  "", 
			"fromPlace":  "", 
			"fromPincode":  , 
			"fromStateCode":  09, 
			"actualFromStateCode":  09, 
			"toGstin":  "", 
			"toTrdName":  "SUNEEL KUMAR LAXMI PRASAD", 
			"toAddr1":  "BAGIYA CHAURAHA SULTANPUR AD.NO.9890/6337/6945", 
			"toAddr2":  "", 
			"toPlace":  "", 
			"toPincode":  228001, 
			"toStateCode":  09, 
			"actualToStateCode":  09, 
			"totalValue":  37890.76, 
			"cgstValue": 947.28, 
			"sgstValue":  947.28, 
			"igstValue":  0, 
			"cessValue": 0, 
			"transMode":  1, 
			"transDistance":  0, 
			"transporterName":  "", 
			"transporterId":  "", 
			"transDocNo":  "", 
			"transDocDate":  "", 
			"vehicleNo":  "", 
			"vehicleType":  "R",
			"totInvValue":  39785, 
			"mainHsnCode":  , 
			"itemList": [
				{
					"itemNo":  1, 
					"productName":    "COOL COOL", 
					"productDesc":  "SUIT", 
					"hsnCode":  5208, 
					"quantity":  4, 
					"qtyUnit":   "Pcs", 
					"taxableAmount":  992.16, 
					"sgstRate":   2.5, 
					"cgstRate":  2.5, 
					"igstRate":   0, 
					"cessRate": 0
				},
				{
					"itemNo":  2, 
					"productName":    "237", 
					"productDesc":  "SUIT", 
					"hsnCode":  5407, 
					"quantity":  4, 
					"qtyUnit":   "Pcs", 
					"taxableAmount":  1004.88, 
					"sgstRate":   2.5, 
					"cgstRate":  2.5, 
					"igstRate":   0, 
					"cessRate": 0
				},
				{
					"itemNo":  3, 
					"productName":    "BIG BOSS", 
					"productDesc":  "SAREE (B)", 
					"hsnCode":  5407, 
					"quantity":  4, 
					"qtyUnit":   "Pcs", 
					"taxableAmount":  966.72, 
					"sgstRate":   2.5, 
					"cgstRate":  2.5, 
					"igstRate":   0, 
					"cessRate": 0
				},
				{
					"itemNo":  4, 
					"productName":    "NAGINA", 
					"productDesc":  "SAREE (B)", 
					"hsnCode":  5407, 
					"quantity":  4, 
					"qtyUnit":   "Pcs", 
					"taxableAmount":  966.72, 
					"sgstRate":   2.5, 
					"cgstRate":  2.5, 
					"igstRate":   0, 
					"cessRate": 0
				},
				{
					"itemNo":  5, 
					"productName":    "CHIKU CHAMELI", 
					"productDesc":  "SUIT", 
					"hsnCode":  5208, 
					"quantity":  4, 
					"qtyUnit":   "Pcs", 
					"taxableAmount":  1043.04, 
					"sgstRate":   2.5, 
					"cgstRate":  2.5, 
					"igstRate":   0, 
					"cessRate": 0
				},
				{
					"itemNo":  6, 
					"productName":    "GREAT", 
					"productDesc":  "SUIT", 
					"hsnCode":  5208, 
					"quantity":  4, 
					"qtyUnit":   "Pcs", 
					"taxableAmount":  966.72, 
					"sgstRate":   2.5, 
					"cgstRate":  2.5, 
					"igstRate":   0, 
					"cessRate": 0
				},
				{
					"itemNo":  7, 
					"productName":    "ROLLON", 
					"productDesc":  "SUIT", 
					"hsnCode":  5208, 
					"quantity":  4, 
					"qtyUnit":   "Pcs", 
					"taxableAmount":  983.68, 
					"sgstRate":   2.5, 
					"cgstRate":  2.5, 
					"igstRate":   0, 
					"cessRate": 0
				},
				{
					"itemNo":  8, 
					"productName":    "1920", 
					"productDesc":  "SUIT", 
					"hsnCode":  5208, 
					"quantity":  4, 
					"qtyUnit":   "Pcs", 
					"taxableAmount":  1017.6, 
					"sgstRate":   2.5, 
					"cgstRate":  2.5, 
					"igstRate":   0, 
					"cessRate": 0
				},
				{
					"itemNo":  9, 
					"productName":    "CARRY DSGN", 
					"productDesc":  "SUIT", 
					"hsnCode":  5208, 
					"quantity":  4, 
					"qtyUnit":   "Pcs", 
					"taxableAmount":  1844.4, 
					"sgstRate":   2.5, 
					"cgstRate":  2.5, 
					"igstRate":   0, 
					"cessRate": 0
				},
				{
					"itemNo":  10, 
					"productName":    "SHALINI(K", 
					"productDesc":  "SUIT", 
					"hsnCode":  5208, 
					"quantity":  4, 
					"qtyUnit":   "Pcs", 
					"taxableAmount":  1810.48, 
					"sgstRate":   2.5, 
					"cgstRate":  2.5, 
					"igstRate":   0, 
					"cessRate": 0
				},
				{
					"itemNo":  11, 
					"productName":    "SOLID 3", 
					"productDesc":  "SUIT", 
					"hsnCode":  5208, 
					"quantity":  4, 
					"qtyUnit":   "Pcs", 
					"taxableAmount":  2001.28, 
					"sgstRate":   2.5, 
					"cgstRate":  2.5, 
					"igstRate":   0, 
					"cessRate": 0
				},
				{
					"itemNo":  12, 
					"productName":    "LOVELY(K", 
					"productDesc":  "SUIT", 
					"hsnCode":  6204, 
					"quantity":  3, 
					"qtyUnit":   "Pcs", 
					"taxableAmount":  1812.6, 
					"sgstRate":   2.5, 
					"cgstRate":  2.5, 
					"igstRate":   0, 
					"cessRate": 0
				},
				{
					"itemNo":  13, 
					"productName":    "CHIKU CHOICE", 
					"productDesc":  "SUIT", 
					"hsnCode":  5208, 
					"quantity":  4, 
					"qtyUnit":   "Pcs", 
					"taxableAmount":  1556.08, 
					"sgstRate":   2.5, 
					"cgstRate":  2.5, 
					"igstRate":   0, 
					"cessRate": 0
				},
				{
					"itemNo":  14, 
					"productName":    "NEELAM", 
					"productDesc":  "SUIT", 
					"hsnCode":  5208, 
					"quantity":  4, 
					"qtyUnit":   "Pcs", 
					"taxableAmount":  2132.72, 
					"sgstRate":   2.5, 
					"cgstRate":  2.5, 
					"igstRate":   0, 
					"cessRate": 0
				},
				{
					"itemNo":  15, 
					"productName":    "RADHIKA(K", 
					"productDesc":  "SAREE (B)", 
					"hsnCode":  5407, 
					"quantity":  4, 
					"qtyUnit":   "Pcs", 
					"taxableAmount":  1975.84, 
					"sgstRate":   2.5, 
					"cgstRate":  2.5, 
					"igstRate":   0, 
					"cessRate": 0
				},
				{
					"itemNo":  16, 
					"productName":    "PINK ROSE", 
					"productDesc":  "SUIT", 
					"hsnCode":  6307, 
					"quantity":  4, 
					"qtyUnit":   "Pcs", 
					"taxableAmount":  2412.56, 
					"sgstRate":   2.5, 
					"cgstRate":  2.5, 
					"igstRate":   0, 
					"cessRate": 0
				},
				{
					"itemNo":  17, 
					"productName":    "BABITA", 
					"productDesc":  "FANCY", 
					"hsnCode":  5407, 
					"quantity":  4, 
					"qtyUnit":   "Pcs", 
					"taxableAmount":  2077.6, 
					"sgstRate":   2.5, 
					"cgstRate":  2.5, 
					"igstRate":   0, 
					"cessRate": 0
				},
				{
					"itemNo":  18, 
					"productName":    "HICHKI", 
					"productDesc":  "SUIT", 
					"hsnCode":  6204, 
					"quantity":  4, 
					"qtyUnit":   "Pcs", 
					"taxableAmount":  1827.44, 
					"sgstRate":   2.5, 
					"cgstRate":  2.5, 
					"igstRate":   0, 
					"cessRate": 0
				},
				{
					"itemNo":  19, 
					"productName":    "KRISHNA(S", 
					"productDesc":  "SUIT", 
					"hsnCode":  6307, 
					"quantity":  4, 
					"qtyUnit":   "Pcs", 
					"taxableAmount":  3103.68, 
					"sgstRate":   2.5, 
					"cgstRate":  2.5, 
					"igstRate":   0, 
					"cessRate": 0
				},
				{
					"itemNo":  20, 
					"productName":    "672", 
					"productDesc":  "SUIT", 
					"hsnCode":  5407, 
					"quantity":  4, 
					"qtyUnit":   "Pcs", 
					"taxableAmount":  2849.28, 
					"sgstRate":   2.5, 
					"cgstRate":  2.5, 
					"igstRate":   0, 
					"cessRate": 0
				},
				{
					"itemNo":  21, 
					"productName":    "ASHWARIYA", 
					"productDesc":  "SUIT", 
					"hsnCode":  6307, 
					"quantity":  4, 
					"qtyUnit":   "Pcs", 
					"taxableAmount":  2484.64, 
					"sgstRate":   2.5, 
					"cgstRate":  2.5, 
					"igstRate":   0, 
					"cessRate": 0
				},
				{
					"itemNo":  22, 
					"productName":    "SULTANA", 
					"productDesc":  "SUIT", 
					"hsnCode":  6307, 
					"quantity":  4, 
					"qtyUnit":   "Pcs", 
					"taxableAmount":  2060.64, 
					"sgstRate":   2.5, 
					"cgstRate":  2.5, 
					"igstRate":   0, 
					"cessRate": 0
				}
			]
		}
	]
}
