{
	"version":  "1.0.0501",
	"billLists": [
		{
			"userGstin":  "091234567890123", 
			"supplyType":  "O", 
			"subSupplyType":  1, 
			"docType":  "INV", 
			"docNo":  "180001", 
			"docDate":  "02/04/2018", 
			"fromGstin":  "091234567890123", 
			"fromTrdName":  "Shiva Saree Center {SHIVA}", 
			"fromAddr1":  "13/152 Parmat, Civil Lines", 
			"fromAddr2":  "", 
			"fromPlace":  "", 
			"fromPincode":  208001, 
			"fromStateCode":  09, 
			"actualFromStateCode":  09, 
			"toGstin":  "", 
			"toTrdName":  "MAA KATYANI VASTRA BHANDAAR", 
			"toAddr1":  "GAJNAER KANPUR DEHAT PAN NO.AAPIPM5485L", 
			"toAddr2":  "", 
			"toPlace":  "", 
			"toPincode":  , 
			"toStateCode":  09, 
			"actualToStateCode":  09, 
			"totalValue":  20284, 
			"cgstValue": 507.1, 
			"sgstValue":  507.1, 
			"igstValue":  0, 
			"cessValue": 0, 
			"transMode":  1, 
			"transDistance":  0, 
			"transporterName":  "NEW MALIK TRANSPORT CO.", 
			"transporterId":  "", 
			"transDocNo":  "123", 
			"transDocDate":  "01/06/2018", 
			"vehicleNo":  "", 
			"vehicleType":  "R",
			"totInvValue":  21298, 
			"mainHsnCode":  , 
			"itemList": [
				{
					"itemNo":  1, 
					"productName":    "AADHUNIK", 
					"productDesc":  "SAREE (B)", 
					"hsnCode":  5407, 
					"quantity":  12, 
					"qtyUnit":   "Pcs", 
					"taxableAmount":  2796, 
					"sgstRate":   2.5, 
					"cgstRate":  2.5, 
					"igstRate":   0, 
					"cessRate": 0
				},
				{
					"itemNo":  2, 
					"productName":    "FULJHADI", 
					"productDesc":  "SAREE (B)", 
					"hsnCode":  5407, 
					"quantity":  8, 
					"qtyUnit":   "Pcs", 
					"taxableAmount":  1656, 
					"sgstRate":   2.5, 
					"cgstRate":  2.5, 
					"igstRate":   0, 
					"cessRate": 0
				},
				{
					"itemNo":  3, 
					"productName":    "PARLE G", 
					"productDesc":  "SAREE (B)", 
					"hsnCode":  5407, 
					"quantity":  10, 
					"qtyUnit":   "Pcs", 
					"taxableAmount":  2460, 
					"sgstRate":   2.5, 
					"cgstRate":  2.5, 
					"igstRate":   0, 
					"cessRate": 0
				},
				{
					"itemNo":  4, 
					"productName":    "GEET GUNJAN", 
					"productDesc":  "SAREE (B)", 
					"hsnCode":  5407, 
					"quantity":  10, 
					"qtyUnit":   "Pcs", 
					"taxableAmount":  3180, 
					"sgstRate":   2.5, 
					"cgstRate":  2.5, 
					"igstRate":   0, 
					"cessRate": 0
				},
				{
					"itemNo":  5, 
					"productName":    "HALF TICKET", 
					"productDesc":  "SAREE (B)", 
					"hsnCode":  5407, 
					"quantity":  12, 
					"qtyUnit":   "Pcs", 
					"taxableAmount":  2808, 
					"sgstRate":   2.5, 
					"cgstRate":  2.5, 
					"igstRate":   0, 
					"cessRate": 0
				},
				{
					"itemNo":  6, 
					"productName":    "MONOPOLY", 
					"productDesc":  "SAREE (B)", 
					"hsnCode":  5407, 
					"quantity":  12, 
					"qtyUnit":   "Pcs", 
					"taxableAmount":  3012, 
					"sgstRate":   2.5, 
					"cgstRate":  2.5, 
					"igstRate":   0, 
					"cessRate": 0
				},
				{
					"itemNo":  7, 
					"productName":    "MADHURI", 
					"productDesc":  "SAREE (B)", 
					"hsnCode":  5407, 
					"quantity":  4, 
					"qtyUnit":   "Pcs", 
					"taxableAmount":  2256, 
					"sgstRate":   2.5, 
					"cgstRate":  2.5, 
					"igstRate":   0, 
					"cessRate": 0
				},
				{
					"itemNo":  8, 
					"productName":    "ANMOL RISHTA", 
					"productDesc":  "SAREE (B)", 
					"hsnCode":  5407, 
					"quantity":  4, 
					"qtyUnit":   "Pcs", 
					"taxableAmount":  2016, 
					"sgstRate":   2.5, 
					"cgstRate":  2.5, 
					"igstRate":   0, 
					"cessRate": 0
				},
				{
					"itemNo":  9, 
					"productName":    "P/C", 
					"productDesc":  "PACKING", 
					"hsnCode":  5407, 
					"quantity":  1, 
					"qtyUnit":   "Pcs", 
					"taxableAmount":  100, 
					"sgstRate":   2.5, 
					"cgstRate":  2.5, 
					"igstRate":   0, 
					"cessRate": 0
				}
			]
		}
	]
}
