﻿<?xml version="1.0" encoding="utf-8"?>
<GridSave>
  <Column>
    <Name>AgFGCharges</Name>
    <Index>0</Index>
    <Width>150</Width>
    <Visible>True</Visible>
    <AggregateFunction />
  </Column>
  <Column>
    <Name>AgFGCharge_Type</Name>
    <Index>1</Index>
    <Width>170</Width>
    <Visible>False</Visible>
    <AggregateFunction />
  </Column>
  <Column>
    <Name>AgFGValue_Type</Name>
    <Index>2</Index>
    <Width>170</Width>
    <Visible>False</Visible>
    <AggregateFunction />
  </Column>
  <Column>
    <Name>AgFGValue</Name>
    <Index>3</Index>
    <Width>170</Width>
    <Visible>False</Visible>
    <AggregateFunction />
  </Column>
  <Column>
    <Name>AgFGCalculation</Name>
    <Index>4</Index>
    <Width>250</Width>
    <Visible>False</Visible>
    <AggregateFunction />
  </Column>
  <Column>
    <Name>AgFGBaseColumn</Name>
    <Index>5</Index>
    <Width>250</Width>
    <Visible>False</Visible>
    <AggregateFunction />
  </Column>
  <Column>
    <Name>AgFGPostAc</Name>
    <Index>6</Index>
    <Width>150</Width>
    <Visible>False</Visible>
    <AggregateFunction />
  </Column>
  <Column>
    <Name>AgFGPostAcFromColumn</Name>
    <Index>7</Index>
    <Width>150</Width>
    <Visible>False</Visible>
    <AggregateFunction />
  </Column>
  <Column>
    <Name>AgFGContraAc</Name>
    <Index>8</Index>
    <Width>150</Width>
    <Visible>False</Visible>
    <AggregateFunction />
  </Column>
  <Column>
    <Name>AgFGContraAcFromColumn</Name>
    <Index>9</Index>
    <Width>150</Width>
    <Visible>False</Visible>
    <AggregateFunction />
  </Column>
  <Column>
    <Name>AgFGDrCr</Name>
    <Index>10</Index>
    <Width>150</Width>
    <Visible>False</Visible>
    <AggregateFunction />
  </Column>
  <Column>
    <Name>AgFGLineItem</Name>
    <Index>11</Index>
    <Width>150</Width>
    <Visible>False</Visible>
    <AggregateFunction />
  </Column>
  <Column>
    <Name>AgFGAffect Cost</Name>
    <Index>12</Index>
    <Width>150</Width>
    <Visible>False</Visible>
    <AggregateFunction />
  </Column>
  <Column>
    <Name>AgFGActive</Name>
    <Index>13</Index>
    <Width>150</Width>
    <Visible>False</Visible>
    <AggregateFunction />
  </Column>
  <Column>
    <Name>AgFGChargesManualCode</Name>
    <Index>14</Index>
    <Width>150</Width>
    <Visible>False</Visible>
    <AggregateFunction />
  </Column>
  <Column>
    <Name>AgFGPercentage</Name>
    <Index>15</Index>
    <Width>40</Width>
    <Visible>True</Visible>
    <AggregateFunction />
  </Column>
  <Column>
    <Name>AgFGAmount</Name>
    <Index>16</Index>
    <Width>100</Width>
    <Visible>True</Visible>
    <AggregateFunction />
  </Column>
  <Column>
    <Name>AgFGVisibleInMaster</Name>
    <Index>17</Index>
    <Width>150</Width>
    <Visible>False</Visible>
    <AggregateFunction />
  </Column>
  <Column>
    <Name>AgFGVisibleInMasterLine</Name>
    <Index>18</Index>
    <Width>150</Width>
    <Visible>False</Visible>
    <AggregateFunction />
  </Column>
  <Column>
    <Name>AgFGVisibleInTransactionLine</Name>
    <Index>19</Index>
    <Width>150</Width>
    <Visible>False</Visible>
    <AggregateFunction />
  </Column>
  <Column>
    <Name>AgFGVisibleInTransactionFooter</Name>
    <Index>20</Index>
    <Width>150</Width>
    <Visible>False</Visible>
    <AggregateFunction />
  </Column>
  <Column>
    <Name>AgFGGridDisplayIndex</Name>
    <Index>21</Index>
    <Width>100</Width>
    <Visible>False</Visible>
    <AggregateFunction />
  </Column>
  <Column>
    <Name>AgFGHeaderPerField</Name>
    <Index>22</Index>
    <Width>170</Width>
    <Visible>False</Visible>
    <AggregateFunction />
  </Column>
  <Column>
    <Name>AgFGHeaderAmtField</Name>
    <Index>23</Index>
    <Width>170</Width>
    <Visible>False</Visible>
    <AggregateFunction />
  </Column>
  <Column>
    <Name>AgFGLinePerField</Name>
    <Index>24</Index>
    <Width>170</Width>
    <Visible>False</Visible>
    <AggregateFunction />
  </Column>
  <Column>
    <Name>AgFGLineAmtField</Name>
    <Index>25</Index>
    <Width>170</Width>
    <Visible>False</Visible>
    <AggregateFunction />
  </Column>
</GridSave>