﻿<?xml version="1.0" encoding="utf-8"?>
<GridSave>
  <Column>
    <Name>Search Code</Name>
    <Index>0</Index>
    <Width>110</Width>
    <Visible>False</Visible>
    <AggregateFunction />
  </Column>
  <Column>
    <Name>Doc No</Name>
    <Index>1</Index>
    <Width>61</Width>
    <Visible>True</Visible>
    <AggregateFunction />
  </Column>
  <Column>
    <Name>Doc Date</Name>
    <Index>2</Index>
    <Width>91</Width>
    <Visible>True</Visible>
    <AggregateFunction />
  </Column>
  <Column>
    <Name>Lr No</Name>
    <Index>3</Index>
    <Width>67</Width>
    <Visible>True</Visible>
    <AggregateFunction />
  </Column>
  <Column>
    <Name>Brand</Name>
    <Index>4</Index>
    <Width>99</Width>
    <Visible>True</Visible>
    <AggregateFunction />
  </Column>
  <Column>
    <Name>Amt Dr</Name>
    <Index>5</Index>
    <Width>112</Width>
    <Visible>True</Visible>
    <AggregateFunction />
  </Column>
  <Column>
    <Name>Amt Cr</Name>
    <Index>6</Index>
    <Width>105</Width>
    <Visible>True</Visible>
    <AggregateFunction />
  </Column>
  <Column>
    <Name>Balance</Name>
    <Index>7</Index>
    <Width>117</Width>
    <Visible>True</Visible>
    <AggregateFunction />
  </Column>
  <Column>
    <Name>Narration</Name>
    <Index>8</Index>
    <Width>99</Width>
    <Visible>True</Visible>
    <AggregateFunction />
  </Column>
  <Column>
    <Name>Adj Doc</Name>
    <Index>9</Index>
    <Width>81</Width>
    <Visible>True</Visible>
    <AggregateFunction />
  </Column>
  <Column>
    <Name>Adj Date</Name>
    <Index>10</Index>
    <Width>91</Width>
    <Visible>True</Visible>
    <AggregateFunction />
  </Column>
  <Column>
    <Name>Adj Amount</Name>
    <Index>11</Index>
    <Width>103</Width>
    <Visible>True</Visible>
    <AggregateFunction />
  </Column>
  <Column>
    <Name>Interest Days</Name>
    <Index>12</Index>
    <Width>72</Width>
    <Visible>True</Visible>
    <AggregateFunction />
  </Column>
  <Column>
    <Name>Interest Amount</Name>
    <Index>13</Index>
    <Width>97</Width>
    <Visible>True</Visible>
    <AggregateFunction />
  </Column>
  <Column>
    <Name>Interest Balance</Name>
    <Index>14</Index>
    <Width>133</Width>
    <Visible>False</Visible>
    <AggregateFunction />
  </Column>
</GridSave>