﻿<?xml version="1.0" encoding="utf-8"?>
<GridSave>
  <Column>
    <Name>Search Code</Name>
    <Index>0</Index>
    <Width>119</Width>
    <Visible>False</Visible>
    <AggregateFunction />
  </Column>
  <Column>
    <Name>Name</Name>
    <Index>1</Index>
    <Width>392</Width>
    <Visible>True</Visible>
    <AggregateFunction />
  </Column>
  <Column>
    <Name>Debit</Name>
    <Index>2</Index>
    <Width>223</Width>
    <Visible>True</Visible>
    <AggregateFunction />
  </Column>
  <Column>
    <Name>Credit</Name>
    <Index>3</Index>
    <Width>217</Width>
    <Visible>True</Visible>
    <AggregateFunction />
  </Column>
  <Column>
    <Name>Ac Group Code</Name>
    <Index>4</Index>
    <Width>92</Width>
    <Visible>False</Visible>
    <AggregateFunction />
  </Column>
  <Column>
    <Name>Is Account Group</Name>
    <Index>5</Index>
    <Width>101</Width>
    <Visible>False</Visible>
    <AggregateFunction />
  </Column>
</GridSave>