﻿<?xml version="1.0" encoding="utf-8"?>
<GridSave>
  <Column>
    <Name>Search Code</Name>
    <Index>0</Index>
    <Width>130</Width>
    <Visible>False</Visible>
    <AggregateFunction />
  </Column>
  <Column>
    <Name>Particulars</Name>
    <Index>1</Index>
    <Width>200</Width>
    <Visible>True</Visible>
    <AggregateFunction />
  </Column>
  <Column>
    <Name>Voucher Count</Name>
    <Index>2</Index>
    <Width>121</Width>
    <Visible>True</Visible>
    <AggregateFunction />
  </Column>
  <Column>
    <Name>Taxable Value</Name>
    <Index>3</Index>
    <Width>152</Width>
    <Visible>True</Visible>
    <AggregateFunction />
  </Column>
  <Column>
    <Name>Integrated Tax Amount</Name>
    <Index>4</Index>
    <Width>127</Width>
    <Visible>True</Visible>
    <AggregateFunction />
  </Column>
  <Column>
    <Name>Central Tax Amount</Name>
    <Index>5</Index>
    <Width>152</Width>
    <Visible>True</Visible>
    <AggregateFunction />
  </Column>
  <Column>
    <Name>State Tax Amount</Name>
    <Index>6</Index>
    <Width>152</Width>
    <Visible>True</Visible>
    <AggregateFunction />
  </Column>
  <Column>
    <Name>Cess Amount</Name>
    <Index>7</Index>
    <Width>111</Width>
    <Visible>True</Visible>
    <AggregateFunction />
  </Column>
  <Column>
    <Name>Tax Amount</Name>
    <Index>8</Index>
    <Width>152</Width>
    <Visible>True</Visible>
    <AggregateFunction />
  </Column>
  <Column>
    <Name>Invoice Amount</Name>
    <Index>9</Index>
    <Width>152</Width>
    <Visible>True</Visible>
    <AggregateFunction />
  </Column>
  <Column>
    <Name>Exception</Name>
    <Index>10</Index>
    <Width>100</Width>
    <Visible>False</Visible>
    <AggregateFunction />
  </Column>
</GridSave>