﻿<?xml version="1.0" encoding="utf-8"?>
<GridSave>
  <Column>
    <Name>Search Code</Name>
    <Index>0</Index>
    <Width>100</Width>
    <Visible>False</Visible>
    <AggregateFunction />
  </Column>
  <Column>
    <Name>Ncat</Name>
    <Index>1</Index>
    <Width>47</Width>
    <Visible>False</Visible>
    <AggregateFunction />
  </Column>
  <Column>
    <Name>Gst No Of Recipient</Name>
    <Index>2</Index>
    <Width>137</Width>
    <Visible>True</Visible>
    <AggregateFunction />
  </Column>
  <Column>
    <Name>Receiver Name</Name>
    <Index>3</Index>
    <Width>163</Width>
    <Visible>True</Visible>
    <AggregateFunction />
  </Column>
  <Column>
    <Name>Invoice Number</Name>
    <Index>4</Index>
    <Width>115</Width>
    <Visible>True</Visible>
    <AggregateFunction />
  </Column>
  <Column>
    <Name>Invoice Date</Name>
    <Index>5</Index>
    <Width>104</Width>
    <Visible>True</Visible>
    <AggregateFunction />
  </Column>
  <Column>
    <Name>Party Invoice No</Name>
    <Index>6</Index>
    <Width>82</Width>
    <Visible>True</Visible>
    <AggregateFunction />
  </Column>
  <Column>
    <Name>Party Invoice Date</Name>
    <Index>7</Index>
    <Width>100</Width>
    <Visible>True</Visible>
    <AggregateFunction />
  </Column>
  <Column>
    <Name>Invoice Value</Name>
    <Index>8</Index>
    <Width>101</Width>
    <Visible>True</Visible>
    <AggregateFunction />
  </Column>
  <Column>
    <Name>Place Of Supply</Name>
    <Index>9</Index>
    <Width>62</Width>
    <Visible>True</Visible>
    <AggregateFunction />
  </Column>
  <Column>
    <Name>Reverse Charge</Name>
    <Index>10</Index>
    <Width>70</Width>
    <Visible>True</Visible>
    <AggregateFunction />
  </Column>
  <Column>
    <Name>Sales Tax Group Item</Name>
    <Index>11</Index>
    <Width>102</Width>
    <Visible>False</Visible>
    <AggregateFunction />
  </Column>
  <Column>
    <Name>Applicable Tax Rate</Name>
    <Index>12</Index>
    <Width>125</Width>
    <Visible>False</Visible>
    <AggregateFunction />
  </Column>
  <Column>
    <Name>Invoice Type</Name>
    <Index>13</Index>
    <Width>111</Width>
    <Visible>False</Visible>
    <AggregateFunction />
  </Column>
  <Column>
    <Name>Ecommerce Gstin</Name>
    <Index>14</Index>
    <Width>137</Width>
    <Visible>False</Visible>
    <AggregateFunction />
  </Column>
  <Column>
    <Name>Rate</Name>
    <Index>15</Index>
    <Width>49</Width>
    <Visible>True</Visible>
    <AggregateFunction />
  </Column>
  <Column>
    <Name>Taxable Value</Name>
    <Index>16</Index>
    <Width>101</Width>
    <Visible>True</Visible>
    <AggregateFunction />
  </Column>
  <Column>
    <Name>Integrated Tax Amount</Name>
    <Index>17</Index>
    <Width>127</Width>
    <Visible>False</Visible>
    <AggregateFunction />
  </Column>
  <Column>
    <Name>Central Tax Amount</Name>
    <Index>18</Index>
    <Width>92</Width>
    <Visible>True</Visible>
    <AggregateFunction />
  </Column>
  <Column>
    <Name>State Tax Amount</Name>
    <Index>19</Index>
    <Width>92</Width>
    <Visible>True</Visible>
    <AggregateFunction />
  </Column>
  <Column>
    <Name>Cess Amount</Name>
    <Index>20</Index>
    <Width>111</Width>
    <Visible>False</Visible>
    <AggregateFunction />
  </Column>
  <Column>
    <Name>Tags</Name>
    <Index>21</Index>
    <Width>69</Width>
    <Visible>True</Visible>
    <AggregateFunction />
  </Column>
</GridSave>