﻿<?xml version="1.0" encoding="utf-8"?>
<GridSave>
  <Column>
    <Name>S.No.</Name>
    <Index>0</Index>
    <Width>40</Width>
    <Visible>True</Visible>
    <AggregateFunction />
  </Column>
  <Column>
    <Name>Effective Date</Name>
    <Index>6</Index>
    <Width>115</Width>
    <Visible>False</Visible>
    <AggregateFunction />
  </Column>
  <Column>
    <Name>Subcode</Name>
    <Index>1</Index>
    <Width>272</Width>
    <Visible>True</Visible>
    <AggregateFunction />
  </Column>
  <Column>
    <Name>Linked Account</Name>
    <Index>2</Index>
    <Width>265</Width>
    <Visible>True</Visible>
    <AggregateFunction />
  </Column>
  <Column>
    <Name>Amount Dr</Name>
    <Index>3</Index>
    <Width>127</Width>
    <Visible>True</Visible>
    <AggregateFunction />
  </Column>
  <Column>
    <Name>Amount Cr</Name>
    <Index>4</Index>
    <Width>126</Width>
    <Visible>True</Visible>
    <AggregateFunction />
  </Column>
  <Column>
    <Name>Remark</Name>
    <Index>7</Index>
    <Width>119</Width>
    <Visible>True</Visible>
    <AggregateFunction />
  </Column>
  <Column>
    <Name>Current Balance</Name>
    <Index>5</Index>
    <Width>150</Width>
    <Visible>False</Visible>
    <AggregateFunction />
  </Column>
  <Column>
    <Name>Nature</Name>
    <Index>8</Index>
    <Width>150</Width>
    <Visible>False</Visible>
    <AggregateFunction />
  </Column>
  <Column>
    <Name>A/c Type</Name>
    <Index>9</Index>
    <Width>150</Width>
    <Visible>False</Visible>
    <AggregateFunction />
  </Column>
  <Column>
    <Name>Reference No</Name>
    <Index>10</Index>
    <Width>150</Width>
    <Visible>True</Visible>
    <AggregateFunction />
  </Column>
  <Column>
    <Name>Reference Date</Name>
    <Index>11</Index>
    <Width>119</Width>
    <Visible>True</Visible>
    <AggregateFunction />
  </Column>
</GridSave>