﻿<?xml version="1.0" encoding="utf-8"?>
<GridSave>
  <Column>
    <Name>Search Code</Name>
    <Index>0</Index>
    <Width>110</Width>
    <Visible>False</Visible>
    <AggregateFunction />
  </Column>
  <Column>
    <Name>Site Name</Name>
    <Index>1</Index>
    <Width>96</Width>
    <Visible>True</Visible>
    <AggregateFunction />
  </Column>
  <Column>
    <Name>Division Name</Name>
    <Index>2</Index>
    <Width>120</Width>
    <Visible>True</Visible>
    <AggregateFunction />
  </Column>
  <Column>
    <Name>Entry Type</Name>
    <Index>3</Index>
    <Width>172</Width>
    <Visible>True</Visible>
    <AggregateFunction />
  </Column>
  <Column>
    <Name>Manual Ref No</Name>
    <Index>4</Index>
    <Width>104</Width>
    <Visible>True</Visible>
    <AggregateFunction />
  </Column>
  <Column>
    <Name>Entry Date</Name>
    <Index>5</Index>
    <Width>195</Width>
    <Visible>True</Visible>
    <AggregateFunction />
  </Column>
  <Column>
    <Name>Party Name</Name>
    <Index>6</Index>
    <Width>105</Width>
    <Visible>False</Visible>
    <AggregateFunction />
  </Column>
  <Column>
    <Name>Machine Name</Name>
    <Index>7</Index>
    <Width>135</Width>
    <Visible>True</Visible>
    <AggregateFunction />
  </Column>
  <Column>
    <Name>User Name</Name>
    <Index>8</Index>
    <Width>101</Width>
    <Visible>True</Visible>
    <AggregateFunction />
  </Column>
  <Column>
    <Name>Action Date Time</Name>
    <Index>9</Index>
    <Width>155</Width>
    <Visible>True</Visible>
    <AggregateFunction />
  </Column>
  <Column>
    <Name>Action</Name>
    <Index>10</Index>
    <Width>77</Width>
    <Visible>True</Visible>
    <AggregateFunction />
  </Column>
</GridSave>