﻿<?xml version="1.0" encoding="utf-8"?>
<GridSave>
  <Column>
    <Name>S.No.</Name>
    <Index>0</Index>
    <Width>40</Width>
    <Visible>True</Visible>
    <AggregateFunction />
  </Column>
  <Column>
    <Name>DocId</Name>
    <Index>1</Index>
    <Width>130</Width>
    <Visible>False</Visible>
    <AggregateFunction />
  </Column>
  <Column>
    <Name>Entry Type</Name>
    <Index>2</Index>
    <Width>144</Width>
    <Visible>True</Visible>
    <AggregateFunction />
  </Column>
  <Column>
    <Name>Entry No</Name>
    <Index>3</Index>
    <Width>130</Width>
    <Visible>True</Visible>
    <AggregateFunction />
  </Column>
  <Column>
    <Name>Entry Date</Name>
    <Index>4</Index>
    <Width>130</Width>
    <Visible>True</Visible>
    <AggregateFunction />
  </Column>
  <Column>
    <Name>Remark</Name>
    <Index>5</Index>
    <Width>220</Width>
    <Visible>True</Visible>
    <AggregateFunction />
  </Column>
</GridSave>