﻿<?xml version="1.0" encoding="utf-8"?>
<GridSave>
  <Column>
    <Name>S.No.</Name>
    <Index>0</Index>
    <Width>40</Width>
    <Visible>True</Visible>
    <AggregateFunction />
  </Column>
  <Column>
    <Name>Order No</Name>
    <Index>1</Index>
    <Width>100</Width>
    <Visible>False</Visible>
    <AggregateFunction />
  </Column>
  <Column>
    <Name>Order Date</Name>
    <Index>2</Index>
    <Width>100</Width>
    <Visible>False</Visible>
    <AggregateFunction />
  </Column>
  <Column>
    <Name>Parent Supplier</Name>
    <Index>3</Index>
    <Width>130</Width>
    <Visible>False</Visible>
    <AggregateFunction />
  </Column>
  <Column>
    <Name>Supplier</Name>
    <Index>4</Index>
    <Width>130</Width>
    <Visible>False</Visible>
    <AggregateFunction />
  </Column>
  <Column>
    <Name>Place Of Supply</Name>
    <Index>5</Index>
    <Width>90</Width>
    <Visible>True</Visible>
    <AggregateFunction />
  </Column>
  <Column>
    <Name>Purch Invoice No</Name>
    <Index>6</Index>
    <Width>100</Width>
    <Visible>True</Visible>
    <AggregateFunction />
  </Column>
  <Column>
    <Name>Purch Invoice Date</Name>
    <Index>7</Index>
    <Width>100</Width>
    <Visible>True</Visible>
    <AggregateFunction />
  </Column>
  <Column>
    <Name>Gross Amount</Name>
    <Index>8</Index>
    <Width>100</Width>
    <Visible>True</Visible>
    <AggregateFunction />
  </Column>
  <Column>
    <Name>Total Tax</Name>
    <Index>9</Index>
    <Width>100</Width>
    <Visible>True</Visible>
    <AggregateFunction />
  </Column>
  <Column>
    <Name>Net Amount</Name>
    <Index>10</Index>
    <Width>100</Width>
    <Visible>True</Visible>
    <AggregateFunction />
  </Column>
</GridSave>