﻿<?xml version="1.0" encoding="utf-8"?>
<GridSave>
  <Column>
    <Name>Code</Name>
    <Index>0</Index>
    <Width>66</Width>
    <Visible>True</Visible>
    <AggregateFunction />
  </Column>
  <Column>
    <Name>SaleOrderNo</Name>
    <Index>1</Index>
    <Width>88</Width>
    <Visible>True</Visible>
    <AggregateFunction />
  </Column>
  <Column>
    <Name>PakkaSaleInvoiceNo</Name>
    <Index>2</Index>
    <Width>144</Width>
    <Visible>True</Visible>
    <AggregateFunction />
  </Column>
  <Column>
    <Name>PakkaPurchaseInvoiceNo</Name>
    <Index>3</Index>
    <Width>143</Width>
    <Visible>True</Visible>
    <AggregateFunction />
  </Column>
  <Column>
    <Name>KachhaSaleInvoiceNo</Name>
    <Index>4</Index>
    <Width>132</Width>
    <Visible>True</Visible>
    <AggregateFunction />
  </Column>
  <Column>
    <Name>KachhaPurchaseInvoiceNo</Name>
    <Index>5</Index>
    <Width>134</Width>
    <Visible>True</Visible>
    <AggregateFunction />
  </Column>
  <Column>
    <Name>KachhaPurchaseDebitNoteNo</Name>
    <Index>6</Index>
    <Width>224</Width>
    <Visible>True</Visible>
    <AggregateFunction />
  </Column>
</GridSave>