﻿<?xml version="1.0" encoding="utf-8"?>
<GridSave>
  <Column>
    <Name>S.No.</Name>
    <Index>0</Index>
    <Width>40</Width>
    <Visible>False</Visible>
    <AggregateFunction />
  </Column>
  <Column>
    <Name>Sku</Name>
    <Index>1</Index>
    <Width>150</Width>
    <Visible>False</Visible>
    <AggregateFunction />
  </Column>
  <Column>
    <Name>Item Category</Name>
    <Index>2</Index>
    <Width>150</Width>
    <Visible>False</Visible>
    <AggregateFunction />
  </Column>
  <Column>
    <Name>Item</Name>
    <Index>3</Index>
    <Width>150</Width>
    <Visible>False</Visible>
    <AggregateFunction />
  </Column>
  <Column>
    <Name>Dimension1</Name>
    <Index>4</Index>
    <Width>150</Width>
    <Visible>False</Visible>
    <AggregateFunction />
  </Column>
  <Column>
    <Name>Dimension2</Name>
    <Index>5</Index>
    <Width>150</Width>
    <Visible>False</Visible>
    <AggregateFunction />
  </Column>
  <Column>
    <Name>Dimension3</Name>
    <Index>6</Index>
    <Width>150</Width>
    <Visible>False</Visible>
    <AggregateFunction />
  </Column>
  <Column>
    <Name>Dimension4</Name>
    <Index>7</Index>
    <Width>150</Width>
    <Visible>False</Visible>
    <AggregateFunction />
  </Column>
  <Column>
    <Name>Qty</Name>
    <Index>8</Index>
    <Width>100</Width>
    <Visible>False</Visible>
    <AggregateFunction />
  </Column>
  <Column>
    <Name>Unit</Name>
    <Index>9</Index>
    <Width>50</Width>
    <Visible>False</Visible>
    <AggregateFunction />
  </Column>
  <Column>
    <Name>Current Stock</Name>
    <Index>11</Index>
    <Width>100</Width>
    <Visible>False</Visible>
    <AggregateFunction />
  </Column>
  <Column>
    <Name>Stock Process Qty</Name>
    <Index>10</Index>
    <Width>100</Width>
    <Visible>False</Visible>
    <AggregateFunction />
  </Column>
  <Column>
    <Name>Consider In Issue</Name>
    <Index>12</Index>
    <Width>35</Width>
    <Visible>False</Visible>
    <AggregateFunction />
  </Column>
</GridSave>