﻿<?xml version="1.0" encoding="utf-8"?>
<GridSave>
  <Column>
    <Name>Search Code</Name>
    <Index>0</Index>
    <Width>100</Width>
    <Visible>False</Visible>
    <AggregateFunction />
  </Column>
  <Column>
    <Name>Item Category Code</Name>
    <Index>1</Index>
    <Width>124</Width>
    <Visible>False</Visible>
    <AggregateFunction />
  </Column>
  <Column>
    <Name>Item Category</Name>
    <Index>2</Index>
    <Width>120</Width>
    <Visible>True</Visible>
    <AggregateFunction />
  </Column>
  <Column>
    <Name>Item Group Code</Name>
    <Index>5</Index>
    <Width>106</Width>
    <Visible>False</Visible>
    <AggregateFunction />
  </Column>
  <Column>
    <Name>Item Group</Name>
    <Index>6</Index>
    <Width>102</Width>
    <Visible>False</Visible>
    <AggregateFunction />
  </Column>
  <Column>
    <Name>Item Code</Name>
    <Index>13</Index>
    <Width>96</Width>
    <Visible>False</Visible>
    <AggregateFunction />
  </Column>
  <Column>
    <Name>Item</Name>
    <Index>3</Index>
    <Width>114</Width>
    <Visible>True</Visible>
    <AggregateFunction />
  </Column>
  <Column>
    <Name>Dimension1Code</Name>
    <Index>14</Index>
    <Width>147</Width>
    <Visible>False</Visible>
    <AggregateFunction />
  </Column>
  <Column>
    <Name>Dimension1</Name>
    <Index>15</Index>
    <Width>114</Width>
    <Visible>False</Visible>
    <AggregateFunction />
  </Column>
  <Column>
    <Name>Dimension2Code</Name>
    <Index>16</Index>
    <Width>147</Width>
    <Visible>False</Visible>
    <AggregateFunction />
  </Column>
  <Column>
    <Name>Dimension2</Name>
    <Index>17</Index>
    <Width>114</Width>
    <Visible>False</Visible>
    <AggregateFunction />
  </Column>
  <Column>
    <Name>Dimension3Code</Name>
    <Index>18</Index>
    <Width>147</Width>
    <Visible>False</Visible>
    <AggregateFunction />
  </Column>
  <Column>
    <Name>Dimension3</Name>
    <Index>19</Index>
    <Width>114</Width>
    <Visible>False</Visible>
    <AggregateFunction />
  </Column>
  <Column>
    <Name>Dimension4Code</Name>
    <Index>20</Index>
    <Width>147</Width>
    <Visible>False</Visible>
    <AggregateFunction />
  </Column>
  <Column>
    <Name>Dimension4</Name>
    <Index>21</Index>
    <Width>114</Width>
    <Visible>False</Visible>
    <AggregateFunction />
  </Column>
  <Column>
    <Name>Size Code</Name>
    <Index>22</Index>
    <Width>93</Width>
    <Visible>False</Visible>
    <AggregateFunction />
  </Column>
  <Column>
    <Name>Size</Name>
    <Index>23</Index>
    <Width>64</Width>
    <Visible>False</Visible>
    <AggregateFunction />
  </Column>
  <Column>
    <Name>HSN</Name>
    <Index>4</Index>
    <Width>65</Width>
    <Visible>True</Visible>
    <AggregateFunction />
  </Column>
  <Column>
    <Name>Unit</Name>
    <Index>7</Index>
    <Width>83</Width>
    <Visible>True</Visible>
    <AggregateFunction />
  </Column>
  <Column>
    <Name>Opening</Name>
    <Index>8</Index>
    <Width>91</Width>
    <Visible>True</Visible>
    <AggregateFunction />
  </Column>
  <Column>
    <Name>Receive Qty</Name>
    <Index>9</Index>
    <Width>107</Width>
    <Visible>True</Visible>
    <AggregateFunction />
  </Column>
  <Column>
    <Name>Issue Qty</Name>
    <Index>10</Index>
    <Width>92</Width>
    <Visible>True</Visible>
    <AggregateFunction />
  </Column>
  <Column>
    <Name>Closing</Name>
    <Index>11</Index>
    <Width>93</Width>
    <Visible>True</Visible>
    <AggregateFunction />
  </Column>
  <Column>
    <Name>Amount</Name>
    <Index>12</Index>
    <Width>161</Width>
    <Visible>False</Visible>
    <AggregateFunction />
  </Column>
</GridSave>