﻿<?xml version="1.0" encoding="utf-8"?>
<GridSave>
  <Column>
    <Name>S.No.</Name>
    <Index>0</Index>
    <Width>40</Width>
    <Visible>True</Visible>
    <AggregateFunction />
  </Column>
  <Column>
    <Name>Entry Date</Name>
    <Index>1</Index>
    <Width>108</Width>
    <Visible>True</Visible>
    <AggregateFunction />
  </Column>
  <Column>
    <Name>Amount</Name>
    <Index>2</Index>
    <Width>100</Width>
    <Visible>True</Visible>
    <AggregateFunction />
  </Column>
  <Column>
    <Name>Remark</Name>
    <Index>3</Index>
    <Width>150</Width>
    <Visible>True</Visible>
    <AggregateFunction />
  </Column>
  <Column>
    <Name>Reference DocId</Name>
    <Index>4</Index>
    <Width>40</Width>
    <Visible>False</Visible>
    <AggregateFunction />
  </Column>
  <Column>
    <Name>Reference DocId Sr</Name>
    <Index>5</Index>
    <Width>40</Width>
    <Visible>False</Visible>
    <AggregateFunction />
  </Column>
</GridSave>